tweet_id,date,text,likes,retweets,replies,views,length,hashtags,mentions,links,author,outlet,handle,sentiment,sentiment_label
1925115468664181160,Wed May 21 09:04:29 +0000 2025,@B7KAuzoElkartea Hola @B7KAuzoElkartea ¿Es vuestro este vídeo? ¿Nos dais permiso para publicarlo en nuestra web y redes sociales? Por supuesto os mencionaríamos la autoría. Muchas gracias de antemano.,4,1,0,1646,200,0,2,0,LaVanguardia,La Vanguardia,LaVanguardia,0.0,neutral
1924851564960764075,Tue May 20 15:35:49 +0000 2025,"@hernandezcricri Hola, ens dones permís per publicar el vídeo al nostre web i xarxes socials? Moltes gràcies per avançat",0,0,2,517,120,0,1,0,LaVanguardia,La Vanguardia,LaVanguardia,0.0,neutral
1925115468664181160,Wed May 21 09:04:29 +0000 2025,@B7KAuzoElkartea Hola @B7KAuzoElkartea ¿Es vuestro este vídeo? ¿Nos dais permiso para publicarlo en nuestra web y redes sociales? Por supuesto os mencionaríamos la autoría. Muchas gracias de antemano.,4,1,0,1646,200,0,2,0,LaVanguardia,La Vanguardia,LaVanguardia,0.0,neutral
1924851564960764075,Tue May 20 15:35:49 +0000 2025,"@hernandezcricri Hola, ens dones permís per publicar el vídeo al nostre web i xarxes socials? Moltes gràcies per avançat",0,0,2,517,120,0,1,0,LaVanguardia,La Vanguardia,LaVanguardia,0.0,neutral
1925115468664181160,Wed May 21 09:04:29 +0000 2025,@B7KAuzoElkartea Hola @B7KAuzoElkartea ¿Es vuestro este vídeo? ¿Nos dais permiso para publicarlo en nuestra web y redes sociales? Por supuesto os mencionaríamos la autoría. Muchas gracias de antemano.,4,1,0,1646,200,0,2,0,LaVanguardia,La Vanguardia,LaVanguardia,0.0,neutral
1924851564960764075,Tue May 20 15:35:49 +0000 2025,"@hernandezcricri Hola, ens dones permís per publicar el vídeo al nostre web i xarxes socials? Moltes gràcies per avançat",0,0,2,517,120,0,1,0,LaVanguardia,La Vanguardia,LaVanguardia,0.0,neutral
1925115468664181160,Wed May 21 09:04:29 +0000 2025,@B7KAuzoElkartea Hola @B7KAuzoElkartea ¿Es vuestro este vídeo? ¿Nos dais permiso para publicarlo en nuestra web y redes sociales? Por supuesto os mencionaríamos la autoría. Muchas gracias de antemano.,4,1,0,1646,200,0,2,0,LaVanguardia,La Vanguardia,LaVanguardia,0.0,neutral
1924851564960764075,Tue May 20 15:35:49 +0000 2025,"@hernandezcricri Hola, ens dones permís per publicar el vídeo al nostre web i xarxes socials? Moltes gràcies per avançat",0,0,2,517,120,0,1,0,LaVanguardia,La Vanguardia,LaVanguardia,0.0,neutral
1950824003632840879,Thu Jul 31 07:41:01 +0000 2025,@sergio20gomez_ ¡Muchas gracias!,0,0,0,413,32,0,1,0,LaVanguardia,La Vanguardia,LaVanguardia,0.0,neutral
1950818735100502286,Thu Jul 31 07:20:05 +0000 2025,"@sergio20gomez_ Hola, Sergio. Nos gustaría pedirte este video para las redes sociales de 'La Vanguardia'. Por supuesto te citaríamos la autoría. Muchas gracias de antemano.",0,0,1,251,172,0,1,0,LaVanguardia,La Vanguardia,LaVanguardia,0.0,neutral
1943638810861896119,Fri Jul 11 11:49:38 +0000 2025,"@GoatyG Hello, Gary. Could we use your video? Of course giving you the credits and confirming you're autorship. Thanks.",0,0,1,613,119,0,1,0,LaVanguardia,La Vanguardia,LaVanguardia,0.7783,positive
1942568365664657773,Tue Jul 08 12:56:04 +0000 2025,"@Sakiiii_004 ok, gracias",1,0,0,696,24,0,1,0,LaVanguardia,La Vanguardia,LaVanguardia,0.0,neutral
1942564767249387737,Tue Jul 08 12:41:46 +0000 2025,@Sakiiii_004 @AarOnSC10 Entonces lo etiquetamos a él. Muchas gracias,1,0,1,628,68,0,2,0,LaVanguardia,La Vanguardia,LaVanguardia,0.0,neutral
1942558661882380429,Tue Jul 08 12:17:30 +0000 2025,@Sakiiii_004 Hola @Sakiiii_004 ¿este vídeo es tuyo? ¿Nos das permiso para publicarlo en nuestra web y redes sociales? Por supuesto te citaríamos la autoría. Muchas gracias de antemano.,1,0,1,1860,184,0,2,0,LaVanguardia,La Vanguardia,LaVanguardia,0.0,neutral
1950824003632840879,Thu Jul 31 07:41:01 +0000 2025,@sergio20gomez_ ¡Muchas gracias!,0,0,0,413,32,0,1,0,LaVanguardia,La Vanguardia,LaVanguardia,0.0,neutral
1950818735100502286,Thu Jul 31 07:20:05 +0000 2025,"@sergio20gomez_ Hola, Sergio. Nos gustaría pedirte este video para las redes sociales de 'La Vanguardia'. Por supuesto te citaríamos la autoría. Muchas gracias de antemano.",0,0,1,251,172,0,1,0,LaVanguardia,La Vanguardia,LaVanguardia,0.0,neutral
1943638810861896119,Fri Jul 11 11:49:38 +0000 2025,"@GoatyG Hello, Gary. Could we use your video? Of course giving you the credits and confirming you're autorship. Thanks.",0,0,1,613,119,0,1,0,LaVanguardia,La Vanguardia,LaVanguardia,0.7783,positive
1942568365664657773,Tue Jul 08 12:56:04 +0000 2025,"@Sakiiii_004 ok, gracias",1,0,0,696,24,0,1,0,LaVanguardia,La Vanguardia,LaVanguardia,0.0,neutral
1942564767249387737,Tue Jul 08 12:41:46 +0000 2025,@Sakiiii_004 @AarOnSC10 Entonces lo etiquetamos a él. Muchas gracias,1,0,1,628,68,0,2,0,LaVanguardia,La Vanguardia,LaVanguardia,0.0,neutral
1942558661882380429,Tue Jul 08 12:17:30 +0000 2025,@Sakiiii_004 Hola @Sakiiii_004 ¿este vídeo es tuyo? ¿Nos das permiso para publicarlo en nuestra web y redes sociales? Por supuesto te citaríamos la autoría. Muchas gracias de antemano.,1,0,1,1860,184,0,2,0,LaVanguardia,La Vanguardia,LaVanguardia,0.0,neutral
1950824003632840879,Thu Jul 31 07:41:01 +0000 2025,@sergio20gomez_ ¡Muchas gracias!,0,0,0,413,32,0,1,0,LaVanguardia,La Vanguardia,LaVanguardia,0.0,neutral
1950818735100502286,Thu Jul 31 07:20:05 +0000 2025,"@sergio20gomez_ Hola, Sergio. Nos gustaría pedirte este video para las redes sociales de 'La Vanguardia'. Por supuesto te citaríamos la autoría. Muchas gracias de antemano.",0,0,1,251,172,0,1,0,LaVanguardia,La Vanguardia,LaVanguardia,0.0,neutral
1943638810861896119,Fri Jul 11 11:49:38 +0000 2025,"@GoatyG Hello, Gary. Could we use your video? Of course giving you the credits and confirming you're autorship. Thanks.",0,0,1,613,119,0,1,0,LaVanguardia,La Vanguardia,LaVanguardia,0.7783,positive
1942568365664657773,Tue Jul 08 12:56:04 +0000 2025,"@Sakiiii_004 ok, gracias",1,0,0,696,24,0,1,0,LaVanguardia,La Vanguardia,LaVanguardia,0.0,neutral
1942564767249387737,Tue Jul 08 12:41:46 +0000 2025,@Sakiiii_004 @AarOnSC10 Entonces lo etiquetamos a él. Muchas gracias,1,0,1,628,68,0,2,0,LaVanguardia,La Vanguardia,LaVanguardia,0.0,neutral
1942558661882380429,Tue Jul 08 12:17:30 +0000 2025,@Sakiiii_004 Hola @Sakiiii_004 ¿este vídeo es tuyo? ¿Nos das permiso para publicarlo en nuestra web y redes sociales? Por supuesto te citaríamos la autoría. Muchas gracias de antemano.,1,0,1,1860,184,0,2,0,LaVanguardia,La Vanguardia,LaVanguardia,0.0,neutral
1950824003632840879,Thu Jul 31 07:41:01 +0000 2025,@sergio20gomez_ ¡Muchas gracias!,0,0,0,413,32,0,1,0,LaVanguardia,La Vanguardia,LaVanguardia,0.0,neutral
1950818735100502286,Thu Jul 31 07:20:05 +0000 2025,"@sergio20gomez_ Hola, Sergio. Nos gustaría pedirte este video para las redes sociales de 'La Vanguardia'. Por supuesto te citaríamos la autoría. Muchas gracias de antemano.",0,0,1,251,172,0,1,0,LaVanguardia,La Vanguardia,LaVanguardia,0.0,neutral
1943638810861896119,Fri Jul 11 11:49:38 +0000 2025,"@GoatyG Hello, Gary. Could we use your video? Of course giving you the credits and confirming you're autorship. Thanks.",0,0,1,613,119,0,1,0,LaVanguardia,La Vanguardia,LaVanguardia,0.7783,positive
1942568365664657773,Tue Jul 08 12:56:04 +0000 2025,"@Sakiiii_004 ok, gracias",1,0,0,696,24,0,1,0,LaVanguardia,La Vanguardia,LaVanguardia,0.0,neutral
1942564767249387737,Tue Jul 08 12:41:46 +0000 2025,@Sakiiii_004 @AarOnSC10 Entonces lo etiquetamos a él. Muchas gracias,1,0,1,628,68,0,2,0,LaVanguardia,La Vanguardia,LaVanguardia,0.0,neutral
1942558661882380429,Tue Jul 08 12:17:30 +0000 2025,@Sakiiii_004 Hola @Sakiiii_004 ¿este vídeo es tuyo? ¿Nos das permiso para publicarlo en nuestra web y redes sociales? Por supuesto te citaríamos la autoría. Muchas gracias de antemano.,1,0,1,1860,184,0,2,0,LaVanguardia,La Vanguardia,LaVanguardia,0.0,neutral
1950824003632840879,Thu Jul 31 07:41:01 +0000 2025,@sergio20gomez_ ¡Muchas gracias!,0,0,0,413,32,0,1,0,LaVanguardia,La Vanguardia,LaVanguardia,0.0,neutral
1950818735100502286,Thu Jul 31 07:20:05 +0000 2025,"@sergio20gomez_ Hola, Sergio. Nos gustaría pedirte este video para las redes sociales de 'La Vanguardia'. Por supuesto te citaríamos la autoría. Muchas gracias de antemano.",0,0,1,251,172,0,1,0,LaVanguardia,La Vanguardia,LaVanguardia,0.0,neutral
1943638810861896119,Fri Jul 11 11:49:38 +0000 2025,"@GoatyG Hello, Gary. Could we use your video? Of course giving you the credits and confirming you're autorship. Thanks.",0,0,1,613,119,0,1,0,LaVanguardia,La Vanguardia,LaVanguardia,0.7783,positive
1942568365664657773,Tue Jul 08 12:56:04 +0000 2025,"@Sakiiii_004 ok, gracias",1,0,0,696,24,0,1,0,LaVanguardia,La Vanguardia,LaVanguardia,0.0,neutral
1942564767249387737,Tue Jul 08 12:41:46 +0000 2025,@Sakiiii_004 @AarOnSC10 Entonces lo etiquetamos a él. Muchas gracias,1,0,1,628,68,0,2,0,LaVanguardia,La Vanguardia,LaVanguardia,0.0,neutral
1942558661882380429,Tue Jul 08 12:17:30 +0000 2025,@Sakiiii_004 Hola @Sakiiii_004 ¿este vídeo es tuyo? ¿Nos das permiso para publicarlo en nuestra web y redes sociales? Por supuesto te citaríamos la autoría. Muchas gracias de antemano.,1,0,1,1860,184,0,2,0,LaVanguardia,La Vanguardia,LaVanguardia,0.0,neutral
1959904416800330111,Mon Aug 25 09:03:20 +0000 2025,@Santigosa_ Hola @Santigosa_ ¿Este vídeo es tuyo? ¿Nos das permiso para publicarlo en nuestra web y redes sociales? Por supuesto te citaríamos la autoría. Muchas gracias de antemano,0,0,1,1121,181,0,2,0,LaVanguardia,La Vanguardia,LaVanguardia,0.0,neutral
1959902222449610863,Mon Aug 25 08:54:37 +0000 2025,@juani14093446 @Infobierzo @AT_Brif @naturalezacyl @briftabuyo @UMEgob Hola @juani14093446 ¿Este vídeo es tuyo? ¿Nos das permiso para publicarlo en nuestra web y redes sociales? Por supuesto te citaríamos la autoría. Muchas gracias de antemano,0,0,0,407,243,0,7,0,LaVanguardia,La Vanguardia,LaVanguardia,0.0,neutral
1955926204600520971,Thu Aug 14 09:35:21 +0000 2025,@del_teleno @Robercc41 Hola ¿este vídeo es tuyo? ¿Nos darías permiso para publicarlo en nuestra web y en las redes sociales de 'La Vanguardia'? Por supuesto te citaríamos la autoría. Muchas gracias de antemano.,0,0,1,453,210,0,2,0,LaVanguardia,La Vanguardia,LaVanguardia,0.0,neutral
1955919545190739988,Thu Aug 14 09:08:53 +0000 2025,@del_teleno Hola ¿este vídeo es tuyo? ¿Nos darías permiso para publicarlo en nuestra web y en las redes sociales de 'La Vanguardia'? Por supuesto te citaríamos la autoría. Muchas gracias de antemano.,0,0,0,403,199,0,1,0,LaVanguardia,La Vanguardia,LaVanguardia,0.0,neutral
1959904416800330111,Mon Aug 25 09:03:20 +0000 2025,@Santigosa_ Hola @Santigosa_ ¿Este vídeo es tuyo? ¿Nos das permiso para publicarlo en nuestra web y redes sociales? Por supuesto te citaríamos la autoría. Muchas gracias de antemano,0,0,1,1121,181,0,2,0,LaVanguardia,La Vanguardia,LaVanguardia,0.0,neutral
1959902222449610863,Mon Aug 25 08:54:37 +0000 2025,@juani14093446 @Infobierzo @AT_Brif @naturalezacyl @briftabuyo @UMEgob Hola @juani14093446 ¿Este vídeo es tuyo? ¿Nos das permiso para publicarlo en nuestra web y redes sociales? Por supuesto te citaríamos la autoría. Muchas gracias de antemano,0,0,0,407,243,0,7,0,LaVanguardia,La Vanguardia,LaVanguardia,0.0,neutral
1955926204600520971,Thu Aug 14 09:35:21 +0000 2025,@del_teleno @Robercc41 Hola ¿este vídeo es tuyo? ¿Nos darías permiso para publicarlo en nuestra web y en las redes sociales de 'La Vanguardia'? Por supuesto te citaríamos la autoría. Muchas gracias de antemano.,0,0,1,453,210,0,2,0,LaVanguardia,La Vanguardia,LaVanguardia,0.0,neutral
1955919545190739988,Thu Aug 14 09:08:53 +0000 2025,@del_teleno Hola ¿este vídeo es tuyo? ¿Nos darías permiso para publicarlo en nuestra web y en las redes sociales de 'La Vanguardia'? Por supuesto te citaríamos la autoría. Muchas gracias de antemano.,0,0,0,403,199,0,1,0,LaVanguardia,La Vanguardia,LaVanguardia,0.0,neutral
1959904416800330111,Mon Aug 25 09:03:20 +0000 2025,@Santigosa_ Hola @Santigosa_ ¿Este vídeo es tuyo? ¿Nos das permiso para publicarlo en nuestra web y redes sociales? Por supuesto te citaríamos la autoría. Muchas gracias de antemano,0,0,1,1121,181,0,2,0,LaVanguardia,La Vanguardia,LaVanguardia,0.0,neutral
1959902222449610863,Mon Aug 25 08:54:37 +0000 2025,@juani14093446 @Infobierzo @AT_Brif @naturalezacyl @briftabuyo @UMEgob Hola @juani14093446 ¿Este vídeo es tuyo? ¿Nos das permiso para publicarlo en nuestra web y redes sociales? Por supuesto te citaríamos la autoría. Muchas gracias de antemano,0,0,0,407,243,0,7,0,LaVanguardia,La Vanguardia,LaVanguardia,0.0,neutral
1955926204600520971,Thu Aug 14 09:35:21 +0000 2025,@del_teleno @Robercc41 Hola ¿este vídeo es tuyo? ¿Nos darías permiso para publicarlo en nuestra web y en las redes sociales de 'La Vanguardia'? Por supuesto te citaríamos la autoría. Muchas gracias de antemano.,0,0,1,453,210,0,2,0,LaVanguardia,La Vanguardia,LaVanguardia,0.0,neutral
1955919545190739988,Thu Aug 14 09:08:53 +0000 2025,@del_teleno Hola ¿este vídeo es tuyo? ¿Nos darías permiso para publicarlo en nuestra web y en las redes sociales de 'La Vanguardia'? Por supuesto te citaríamos la autoría. Muchas gracias de antemano.,0,0,0,403,199,0,1,0,LaVanguardia,La Vanguardia,LaVanguardia,0.0,neutral
1959904416800330111,Mon Aug 25 09:03:20 +0000 2025,@Santigosa_ Hola @Santigosa_ ¿Este vídeo es tuyo? ¿Nos das permiso para publicarlo en nuestra web y redes sociales? Por supuesto te citaríamos la autoría. Muchas gracias de antemano,0,0,1,1121,181,0,2,0,LaVanguardia,La Vanguardia,LaVanguardia,0.0,neutral
1959902222449610863,Mon Aug 25 08:54:37 +0000 2025,@juani14093446 @Infobierzo @AT_Brif @naturalezacyl @briftabuyo @UMEgob Hola @juani14093446 ¿Este vídeo es tuyo? ¿Nos das permiso para publicarlo en nuestra web y redes sociales? Por supuesto te citaríamos la autoría. Muchas gracias de antemano,0,0,0,407,243,0,7,0,LaVanguardia,La Vanguardia,LaVanguardia,0.0,neutral
1955926204600520971,Thu Aug 14 09:35:21 +0000 2025,@del_teleno @Robercc41 Hola ¿este vídeo es tuyo? ¿Nos darías permiso para publicarlo en nuestra web y en las redes sociales de 'La Vanguardia'? Por supuesto te citaríamos la autoría. Muchas gracias de antemano.,0,0,1,453,210,0,2,0,LaVanguardia,La Vanguardia,LaVanguardia,0.0,neutral
1955919545190739988,Thu Aug 14 09:08:53 +0000 2025,@del_teleno Hola ¿este vídeo es tuyo? ¿Nos darías permiso para publicarlo en nuestra web y en las redes sociales de 'La Vanguardia'? Por supuesto te citaríamos la autoría. Muchas gracias de antemano.,0,0,0,403,199,0,1,0,LaVanguardia,La Vanguardia,LaVanguardia,0.0,neutral
1959904416800330111,Mon Aug 25 09:03:20 +0000 2025,@Santigosa_ Hola @Santigosa_ ¿Este vídeo es tuyo? ¿Nos das permiso para publicarlo en nuestra web y redes sociales? Por supuesto te citaríamos la autoría. Muchas gracias de antemano,0,0,1,1121,181,0,2,0,LaVanguardia,La Vanguardia,LaVanguardia,0.0,neutral
1959902222449610863,Mon Aug 25 08:54:37 +0000 2025,@juani14093446 @Infobierzo @AT_Brif @naturalezacyl @briftabuyo @UMEgob Hola @juani14093446 ¿Este vídeo es tuyo? ¿Nos das permiso para publicarlo en nuestra web y redes sociales? Por supuesto te citaríamos la autoría. Muchas gracias de antemano,0,0,0,407,243,0,7,0,LaVanguardia,La Vanguardia,LaVanguardia,0.0,neutral
1955926204600520971,Thu Aug 14 09:35:21 +0000 2025,@del_teleno @Robercc41 Hola ¿este vídeo es tuyo? ¿Nos darías permiso para publicarlo en nuestra web y en las redes sociales de 'La Vanguardia'? Por supuesto te citaríamos la autoría. Muchas gracias de antemano.,0,0,1,453,210,0,2,0,LaVanguardia,La Vanguardia,LaVanguardia,0.0,neutral
1955919545190739988,Thu Aug 14 09:08:53 +0000 2025,@del_teleno Hola ¿este vídeo es tuyo? ¿Nos darías permiso para publicarlo en nuestra web y en las redes sociales de 'La Vanguardia'? Por supuesto te citaríamos la autoría. Muchas gracias de antemano.,0,0,0,403,199,0,1,0,LaVanguardia,La Vanguardia,LaVanguardia,0.0,neutral
1983566499072659660,Wed Oct 29 16:08:00 +0000 2025,"@Blanca97AR Hola Blanca, ¿es tuyo este vídeo? ¿Nos darías permiso para publicarlo en nuestra web y redes sociales? Por supuesto te citaríamos la autoría. Muchas gracias de antemano",14,0,1,8925,180,0,1,0,LaVanguardia,La Vanguardia,LaVanguardia,0.0,neutral
1981289467987030512,Thu Oct 23 09:19:54 +0000 2025,"@PasLeTemps75_ Hello, I'm writing from a spanish newspaper called 'La Vanguardia'. Is this video yours? Could we publish on our web and social networks? Of course we will mention your authorship. Thank you in advance.",1,0,0,2334,217,0,1,0,LaVanguardia,La Vanguardia,LaVanguardia,0.4329,positive
1979131150292353476,Fri Oct 17 10:23:31 +0000 2025,@MolinoRs @3CatInfo @A3Noticias @telecincoes @laSextaTV Hola ¿este vídeo es tuyo? ¿Nos darías permiso para publicarlo en nuestra web y en las redes sociales de 'La Vanguardia'? Por supuesto te citaríamos la autoría. Muchas gracias de antemano.,0,0,1,655,243,0,5,0,LaVanguardia,La Vanguardia,LaVanguardia,0.0,neutral
1983566499072659660,Wed Oct 29 16:08:00 +0000 2025,"@Blanca97AR Hola Blanca, ¿es tuyo este vídeo? ¿Nos darías permiso para publicarlo en nuestra web y redes sociales? Por supuesto te citaríamos la autoría. Muchas gracias de antemano",14,0,1,8925,180,0,1,0,LaVanguardia,La Vanguardia,LaVanguardia,0.0,neutral
1981289467987030512,Thu Oct 23 09:19:54 +0000 2025,"@PasLeTemps75_ Hello, I'm writing from a spanish newspaper called 'La Vanguardia'. Is this video yours? Could we publish on our web and social networks? Of course we will mention your authorship. Thank you in advance.",1,0,0,2334,217,0,1,0,LaVanguardia,La Vanguardia,LaVanguardia,0.4329,positive
1979131150292353476,Fri Oct 17 10:23:31 +0000 2025,@MolinoRs @3CatInfo @A3Noticias @telecincoes @laSextaTV Hola ¿este vídeo es tuyo? ¿Nos darías permiso para publicarlo en nuestra web y en las redes sociales de 'La Vanguardia'? Por supuesto te citaríamos la autoría. Muchas gracias de antemano.,0,0,1,655,243,0,5,0,LaVanguardia,La Vanguardia,LaVanguardia,0.0,neutral
1983566499072659660,Wed Oct 29 16:08:00 +0000 2025,"@Blanca97AR Hola Blanca, ¿es tuyo este vídeo? ¿Nos darías permiso para publicarlo en nuestra web y redes sociales? Por supuesto te citaríamos la autoría. Muchas gracias de antemano",14,0,1,8925,180,0,1,0,LaVanguardia,La Vanguardia,LaVanguardia,0.0,neutral
1981289467987030512,Thu Oct 23 09:19:54 +0000 2025,"@PasLeTemps75_ Hello, I'm writing from a spanish newspaper called 'La Vanguardia'. Is this video yours? Could we publish on our web and social networks? Of course we will mention your authorship. Thank you in advance.",1,0,0,2334,217,0,1,0,LaVanguardia,La Vanguardia,LaVanguardia,0.4329,positive
1979131150292353476,Fri Oct 17 10:23:31 +0000 2025,@MolinoRs @3CatInfo @A3Noticias @telecincoes @laSextaTV Hola ¿este vídeo es tuyo? ¿Nos darías permiso para publicarlo en nuestra web y en las redes sociales de 'La Vanguardia'? Por supuesto te citaríamos la autoría. Muchas gracias de antemano.,0,0,1,655,243,0,5,0,LaVanguardia,La Vanguardia,LaVanguardia,0.0,neutral
1983566499072659660,Wed Oct 29 16:08:00 +0000 2025,"@Blanca97AR Hola Blanca, ¿es tuyo este vídeo? ¿Nos darías permiso para publicarlo en nuestra web y redes sociales? Por supuesto te citaríamos la autoría. Muchas gracias de antemano",14,0,1,8925,180,0,1,0,LaVanguardia,La Vanguardia,LaVanguardia,0.0,neutral
1981289467987030512,Thu Oct 23 09:19:54 +0000 2025,"@PasLeTemps75_ Hello, I'm writing from a spanish newspaper called 'La Vanguardia'. Is this video yours? Could we publish on our web and social networks? Of course we will mention your authorship. Thank you in advance.",1,0,0,2334,217,0,1,0,LaVanguardia,La Vanguardia,LaVanguardia,0.4329,positive
1979131150292353476,Fri Oct 17 10:23:31 +0000 2025,@MolinoRs @3CatInfo @A3Noticias @telecincoes @laSextaTV Hola ¿este vídeo es tuyo? ¿Nos darías permiso para publicarlo en nuestra web y en las redes sociales de 'La Vanguardia'? Por supuesto te citaríamos la autoría. Muchas gracias de antemano.,0,0,1,655,243,0,5,0,LaVanguardia,La Vanguardia,LaVanguardia,0.0,neutral
1983566499072659660,Wed Oct 29 16:08:00 +0000 2025,"@Blanca97AR Hola Blanca, ¿es tuyo este vídeo? ¿Nos darías permiso para publicarlo en nuestra web y redes sociales? Por supuesto te citaríamos la autoría. Muchas gracias de antemano",14,0,1,8925,180,0,1,0,LaVanguardia,La Vanguardia,LaVanguardia,0.0,neutral
1981289467987030512,Thu Oct 23 09:19:54 +0000 2025,"@PasLeTemps75_ Hello, I'm writing from a spanish newspaper called 'La Vanguardia'. Is this video yours? Could we publish on our web and social networks? Of course we will mention your authorship. Thank you in advance.",1,0,0,2334,217,0,1,0,LaVanguardia,La Vanguardia,LaVanguardia,0.4329,positive
1979131150292353476,Fri Oct 17 10:23:31 +0000 2025,@MolinoRs @3CatInfo @A3Noticias @telecincoes @laSextaTV Hola ¿este vídeo es tuyo? ¿Nos darías permiso para publicarlo en nuestra web y en las redes sociales de 'La Vanguardia'? Por supuesto te citaríamos la autoría. Muchas gracias de antemano.,0,0,1,655,243,0,5,0,LaVanguardia,La Vanguardia,LaVanguardia,0.0,neutral
1990693799996133737,Tue Nov 18 08:09:21 +0000 2025,"@A7Albert @som3cat Bon dia, Albert, aquest vídeo és teu? Ens dones permís per publicar-ho a la nostra web i xarxes socials? Per suposat, et citaríem l'autoria. Moltes gràcies per avançat!",0,0,2,494,187,0,2,0,LaVanguardia,La Vanguardia,LaVanguardia,0.0,neutral
1990350008764506568,Mon Nov 17 09:23:15 +0000 2025,"@rafacores Hello, I'm writing from a spanish newspaper called 'La Vanguardia'. Is this video yours? https://t.co/HTDBdtq3Ti Could we publish it on our web and social networks? Of course we will mention your authorship. Thank you in advance!",0,0,1,281,240,0,1,1,LaVanguardia,La Vanguardia,LaVanguardia,0.4857,positive
1986009591616880754,Wed Nov 05 09:55:59 +0000 2025,"@perebai4 @3CatInfoelTemps @meteocat @LameteodenXavi @Monica_Usart @TomasMolinaB Hola @perebai4 Aquest vídeo és teu? Ens dones permís per publicar-ho a la nostra web i xarxes socials? Per suposat, et citaríem l'autoria. Moltes gràcies per avançat!",0,0,1,296,247,0,7,0,LaVanguardia,La Vanguardia,LaVanguardia,0.0,neutral
1990693799996133737,Tue Nov 18 08:09:21 +0000 2025,"@A7Albert @som3cat Bon dia, Albert, aquest vídeo és teu? Ens dones permís per publicar-ho a la nostra web i xarxes socials? Per suposat, et citaríem l'autoria. Moltes gràcies per avançat!",0,0,2,494,187,0,2,0,LaVanguardia,La Vanguardia,LaVanguardia,0.0,neutral
1990350008764506568,Mon Nov 17 09:23:15 +0000 2025,"@rafacores Hello, I'm writing from a spanish newspaper called 'La Vanguardia'. Is this video yours? https://t.co/HTDBdtq3Ti Could we publish it on our web and social networks? Of course we will mention your authorship. Thank you in advance!",0,0,1,281,240,0,1,1,LaVanguardia,La Vanguardia,LaVanguardia,0.4857,positive
1986009591616880754,Wed Nov 05 09:55:59 +0000 2025,"@perebai4 @3CatInfoelTemps @meteocat @LameteodenXavi @Monica_Usart @TomasMolinaB Hola @perebai4 Aquest vídeo és teu? Ens dones permís per publicar-ho a la nostra web i xarxes socials? Per suposat, et citaríem l'autoria. Moltes gràcies per avançat!",0,0,1,296,247,0,7,0,LaVanguardia,La Vanguardia,LaVanguardia,0.0,neutral
1990693799996133737,Tue Nov 18 08:09:21 +0000 2025,"@A7Albert @som3cat Bon dia, Albert, aquest vídeo és teu? Ens dones permís per publicar-ho a la nostra web i xarxes socials? Per suposat, et citaríem l'autoria. Moltes gràcies per avançat!",0,0,2,494,187,0,2,0,LaVanguardia,La Vanguardia,LaVanguardia,0.0,neutral
1990350008764506568,Mon Nov 17 09:23:15 +0000 2025,"@rafacores Hello, I'm writing from a spanish newspaper called 'La Vanguardia'. Is this video yours? https://t.co/HTDBdtq3Ti Could we publish it on our web and social networks? Of course we will mention your authorship. Thank you in advance!",0,0,1,281,240,0,1,1,LaVanguardia,La Vanguardia,LaVanguardia,0.4857,positive
1986009591616880754,Wed Nov 05 09:55:59 +0000 2025,"@perebai4 @3CatInfoelTemps @meteocat @LameteodenXavi @Monica_Usart @TomasMolinaB Hola @perebai4 Aquest vídeo és teu? Ens dones permís per publicar-ho a la nostra web i xarxes socials? Per suposat, et citaríem l'autoria. Moltes gràcies per avançat!",0,0,1,296,247,0,7,0,LaVanguardia,La Vanguardia,LaVanguardia,0.0,neutral
