tweet_id,date,text,likes,retweets,replies,views,length,hashtags,mentions,links,author,period,query,sentiment,sentiment_label
1962273697210745038,Sun Aug 31 21:58:01 +0000 2025,"Albares: “el precio a pagar por aparecer en alguna foto es precisamente no influir, callar, ser uno más.Y desde luego España tiene en estos momentos una política exterior que tiene voz propia en todas las crisis y decimos lo mismo con los mismos principios en Ucrania que en Gaza” https://t.co/f1aWxSSQAz",0,0,0,33,304,0,0,1,valmenor,baseline_aug,política España,-0.743,negative
1962271855168893131,Sun Aug 31 21:50:42 +0000 2025,"Por lo que sea, de cerrar las fronteras, hacer política micro para que las españolas quieran tener tres/cuatro hijos y que estoy siga siendo España no se habla nunca. Nadie se baja de la islamoronegropanchitada.",1,0,0,75,211,0,0,0,jcdiazlasala,baseline_aug,política España,-0.296,negative
1962269378872795525,Sun Aug 31 21:40:51 +0000 2025,"@JaviRodrigo11 Ley del Mérito Político ya!!!
Imprescindible y urgente en España.
Actualmente toda la morralla social, cultural y laboral se mete en política porque es su mejor opción. Esto tiene que acabar. Por el bien de todos, necesitamos los mejores gobernantes!",1,0,0,116,265,0,1,0,Mr_TAG10,baseline_aug,política España,0.0,neutral
1962268403894235161,Sun Aug 31 21:36:59 +0000 2025,@tomascasascm Video aplaudido por los mismos que proclaman que no hay que mezclar deporte con política e ideología. Los mismos que exigen expulsar a un equipo ciclista de la vuelta a España porque es israelí. Los mismos hipócritas.,16,1,0,282,231,0,1,0,SrPaquito1,baseline_aug,política España,-0.296,negative
1962267653856493859,Sun Aug 31 21:34:00 +0000 2025,"España dio por finalizada este domingo la emergencia vigente durante  varias semanas por una de las peores olas de incendios forestales que  afectó al país en los últimos años, y que dejó cuatro muertos y más de  350,000 hectáreas quemadas.

""Este trágico episodio de la historia https://t.co/x5n4YtqbWa",2,0,0,1071,303,0,0,1,TReporta,baseline_aug,política España,0.0,neutral
1962266651518214414,Sun Aug 31 21:30:01 +0000 2025,@NicoBolivariano Esa no es la demografía política de España. Si la derecha llega a 176 ya será un milagro.,0,0,0,9,106,0,1,0,creoenJohnGalt,baseline_aug,política España,-0.296,negative
1962266588805038225,Sun Aug 31 21:29:46 +0000 2025,"Partido Popular la organización política más corrupta, delincuente y mafiosa no solamente en España...
https://t.co/CzjtC7PtCq",0,0,0,2,126,0,0,1,Tonsky16738,baseline_aug,política España,0.1531,positive
1962265675969241545,Sun Aug 31 21:26:08 +0000 2025,"@Jose1477chong @marenco1793096 @Claudiashein es política.
Así es esto desde Babilonia ,pasando por Grecia, Roma , España, Inglaterra y los EU.",0,0,0,11,142,0,3,0,bonkijo,baseline_aug,política España,0.0,neutral
1962263940101968036,Sun Aug 31 21:19:15 +0000 2025,"@sanchezcastejon Tu política inmigracionista va a entregar el gobierno de España a la ultraderecha. No sé qué tienes en la cabeza. 
España es el país con más paro de Europa y el que más inmigrantes acoge. Salarios de hace 30 años, vivienda inaccesible, violencia...
https://t.co/bNL6vJLipx",0,0,0,10,289,0,1,1,tomaspar,baseline_aug,política España,-0.296,negative
1962261514682880231,Sun Aug 31 21:09:36 +0000 2025,@jero_armas @FFectum Multas de la junta electoral? No sabes ni de qué hablas. Ilegalidad en España los partidos que van en contra de España es de primero de política. Las autonomías son un sistema fracasado,0,0,0,12,206,0,2,0,lorenguti1,baseline_aug,política España,-0.296,negative
1962260685510840433,Sun Aug 31 21:06:19 +0000 2025,"@ROSAMARI_5 Y quien se ha sentado con Laporta? El mismísimo presidente de árbitros. El fútbol, como la política en España. Repugnante",0,0,0,8,133,0,1,0,laureles1972,baseline_aug,política España,0.34,positive
1962257504097972527,Sun Aug 31 20:53:40 +0000 2025,"@nanomessivoxx @AntnMartnLpez1 Parece una foto de José Luis Ábalos y Koldo García, figuras ligadas al caso de corrupción en España. Si está editada, resalta su cercanía de forma satírica. Interesante para debatir integridad política. ¿Más detalles?",0,0,0,37,248,0,2,0,grok,baseline_aug,política España,0.0,neutral
1962257155903435257,Sun Aug 31 20:52:17 +0000 2025,"Y es que en España tenemos una cosa que es capaz de destruirlo todo, la política.
Sirva como ejemplo la AVL.",1,0,0,59,108,0,0,0,centorronet,baseline_aug,política España,0.0,neutral
1962256269357572357,Sun Aug 31 20:48:46 +0000 2025,"Ese punto entero de diferencia no es un detalle menor: supone multiplicar por más de cuatro el crecimiento real de la economía. Una manipulación estadística de este calibre no es una cuestión técnica, es una operación política para vender que España «va bien».",0,0,0,16,260,0,0,0,JuanmadelaPoza,baseline_aug,política España,-0.5267,negative
1962255441527771349,Sun Aug 31 20:45:28 +0000 2025,"Qué mal me cae y qué asco me da. Es que ya no lo puedo evitar. Dios santo.
Ojalá España tenga un día un buen presidente, y no tu mierda de política. Sinvergüenza, rata. 
Y no, no es su nombre “psoe”, es SU política.",0,0,0,33,215,0,0,0,apolaroidea,baseline_aug,política España,-0.6808,negative
1962254479824138348,Sun Aug 31 20:41:39 +0000 2025,@rejekianakbaik Esto es lo que la política hace en españa,0,0,0,196,57,0,1,0,Braisde_,baseline_aug,política España,0.0,neutral
1962254337788535126,Sun Aug 31 20:41:05 +0000 2025,"El Partido Popular, por vía de su gobierno de la Comunidad de Madrid, reconoce aqui que la devolución, la deportación o retorno de los menas a sus familias, a sus casas en sus países es perfectamente factible.
Y no solo para el que ya ha violado sino para los que todavía no lo",67,40,0,4510,277,0,0,0,hermanntertsch,baseline_aug,política España,0.2023,positive
1962253714627944806,Sun Aug 31 20:38:37 +0000 2025,"Apoyar y defender a Sanchez  es el mayor fracaso de nuestra democracia.
Por mucho menos el socialismo mas fuerte de europa, el frances, hoy es residual. Nos llevan décadas evolución política social.
Envidio a los franceses, respetan sus símbolos, historia y nación.
España es",0,0,0,128,275,0,0,0,67quijote,baseline_aug,política España,0.1027,positive
1962253181657788878,Sun Aug 31 20:36:30 +0000 2025,@MVicj123 @marcovoyager @pedroirlesm No relativices que una cosa es la cultura y españa es política. No mezcles.,0,0,0,10,112,0,3,0,UUQbriga,baseline_aug,política España,-0.5267,negative
1962252973502816258,Sun Aug 31 20:35:40 +0000 2025,"@Folinglov No es una tontería hay que inundar, no solo X, sino también las calles de España!!! Es una forma se hacerse oir y como símbolo de descontento a la política actual!!!",0,0,0,1,176,0,1,0,CcLion48277803,baseline_aug,política España,-0.6776,negative
1962252432064328105,Sun Aug 31 20:33:31 +0000 2025,"Dimisión y entrada inmediata en prisión. 
Sánchez, bajo mínimos: la brecha de rechazo nacional triplica la de Trump y desata una tormenta política en España https://t.co/piQ45RV4Kd",0,0,0,31,180,0,0,1,1224AF7,baseline_aug,política España,0.0,neutral
1962247801200394544,Sun Aug 31 20:15:07 +0000 2025,"14- La forma política de esta España no la tengo definida, pero desde luego no sería el parlamentarismo liberal que tenemos hoy día+",0,0,1,24,132,0,0,0,espana25503,baseline_aug,política España,-0.5267,negative
1962246615630074285,Sun Aug 31 20:10:24 +0000 2025,"@LosantosOnFire Soy más de los que hacen España, no política radiofónica.",2,0,0,104,73,0,1,0,Bel68451909,baseline_aug,política España,-0.296,negative
1962244599423897778,Sun Aug 31 20:02:23 +0000 2025,"mi prof de política yendo a Italia, España y Londres de vacaciones (en un mes)",1,0,0,57,78,0,0,0,lacajeradelmc,baseline_aug,política España,0.0,neutral
1962244579467432429,Sun Aug 31 20:02:19 +0000 2025,"Protagonista del día: La virreina del Perú

No era nada frecuente que hubiera mujeres ocupando cargos de gran importancia como el de virrey de un territorio. Sin embargo, hubo excepciones interesantes como nuestra protagonista.
Ana Francisca de Borja y Doria, virreina (1640-1706) https://t.co/1zeDSvnB4f",31,11,0,1432,304,0,0,1,GestasdeEspaNa,baseline_aug,política España,-0.7003,negative
1962244320158740746,Sun Aug 31 20:01:17 +0000 2025,"Feijóo pide elecciones  p demostrarnos LO INCOMPETENTE Q PUEDE SER A NIVEL ESTRATOSFÉRICO. 
Dice q lo haría mejor en política exterior y no puede ni con el fuego: 
❌ Entregarnos a Trump en bandeja, España colonia de EEUU y TODOS ARMADOS hasta los dientes.
Trump gestionaría todo. https://t.co/3XDeUDbfJ0",5,2,0,88,303,0,0,1,Patybooksreader,baseline_aug,política España,-0.296,negative
1962244169470005694,Sun Aug 31 20:00:41 +0000 2025,🇪🇸 | España supera los 600 días sin Presupuestos y Sánchez gobierna a trompicones. La inestabilidad política ahuyenta inversores y paraliza proyectos. https://t.co/k8DJaslAdX,282,188,18,3335,174,0,0,1,edatvoficial,baseline_aug,política España,-0.5574,negative
1962241126884077770,Sun Aug 31 19:48:35 +0000 2025,"En cuanto a Portugal, buscar una unión total. En realidad Portugal es una España rebelde, así que hay que buscar reunificar la península, es lo que querían los asturianos al inicio de la Reconquista, recuperar la unión política visigoda+",0,0,1,18,237,0,0,0,espana25503,baseline_aug,política España,0.0,neutral
1962240226069250275,Sun Aug 31 19:45:01 +0000 2025,"@SelimKhan27 Francia 🇫🇷 permitió i ayudó a los rifeños contra España 🇪🇸 hasta k fueron derrotados en uarga. No ?
Ahí cambió la política francesa d fastidiar a los españoles",0,0,1,67,172,0,1,0,Barrigon5,baseline_aug,política España,-0.296,negative
1962240130514554919,Sun Aug 31 19:44:38 +0000 2025,"6- Geopolíticamente, hacer un acercamiento político con Iberoamérica, sin intenciones de unión política, pero sí de colaboración. Esto no significa llenar España de sudamericanos, obviamente, simplemente buscar lo común.+",0,0,1,13,221,0,0,0,espana25503,baseline_aug,política España,-0.7003,negative
1962239898351501316,Sun Aug 31 19:43:43 +0000 2025,"@Anonymous_TA Que la gente está tranquila, no ansiosa pensando si les van a robar o a violar, como si está ocurriendo en España por culpa de la Casta política Mafiosa y Corrupta y sus criminales políticas de fronteras abiertas.",24,7,0,314,227,0,1,0,HenryDeGeorgia,baseline_aug,política España,-0.296,negative
1962239675801731373,Sun Aug 31 19:42:50 +0000 2025,"@alejovisia @AytoAlcorcon Te hará mucha gracia, algunos elegimos residir en España durante la etapa de Rajoy, y aquí en facha eres tú, ya que no te gusta que los venezolanos tengamos una opinión política diferente a la tuya, será por haber vivido  en una Dictadura Socialista.",0,0,0,11,276,0,2,0,silva_miguel12,baseline_aug,política España,-0.296,negative
1962238085946577242,Sun Aug 31 19:36:30 +0000 2025,"@DavidArnanz 1. Sara Santaolalla no es periodista ni analista política.
2. Sara Santaolalla ha insultado desde TVE a los votantes de VOX y PP.
3. La puerta abierta para insultar y denigrar a media España está en TVEspantosa. https://t.co/RGWkR6mEWA",0,0,0,45,248,0,1,1,motzanka,baseline_aug,política España,0.0516,positive
1962236826682311070,Sun Aug 31 19:31:30 +0000 2025,"@Santi_ABASCAL La política migratoria de Pedrito convierte a España en el patio trasero de África mientras los españoles pagan la fiesta. ¡Basta ya de hipocresía progresista que destruye nuestra seguridad!

#SanchezDIMISION",0,0,0,1,223,1,1,0,elchivateo,baseline_aug,política España,0.5255,positive
1962234955624583494,Sun Aug 31 19:24:04 +0000 2025,"@cajamarc2003 Basado en tus tuits, estimo:

- Edad física: 22 años (por tu username y vibes de estudiante).

- IQ: Alrededor de 135, por tu ingenio en política, historia y economía.

- EQ: 120, equilibrado pero con toques cínicos e incel.

- Profesión ideal: Economista con rol en política",0,0,0,34,289,0,1,0,grok,baseline_aug,política España,0.5267,positive
1962234642351685961,Sun Aug 31 19:22:49 +0000 2025,"En el debate sobre los incendios otra vez se ha puesto de relieve la casi total orfandad política y cultural del ecologismo en España mientras ha habido un consenso a favor del extraccionismo, ""limpiar el monte"" y ""gestionar"" los bosques con una guerra al sotobosque/biodiversidad",125,43,4,3593,280,0,0,0,DaHammerstein,baseline_aug,política España,0.8402,positive
1962234120056037619,Sun Aug 31 19:20:45 +0000 2025,"@IdiazAyuso No política, no persona, ni estudios. Solo otra del @ppopular. Enriquecimiento, prepotencia, burla. 
Te has meado encima de toda España!!
https://t.co/EJ7gf9nKtr",0,0,1,8,173,0,2,1,JuanMa_____,baseline_aug,política España,-0.2254,negative
1962233219928989946,Sun Aug 31 19:17:10 +0000 2025,"En España tenemos una clase política experta en borrar tragedias de la agenda.
Por suerte queda el fotoperiodismo para que la verdad se siga viendo.",0,0,0,31,148,0,0,0,tonicash69,baseline_aug,política España,0.0,neutral
1962230408340230632,Sun Aug 31 19:06:00 +0000 2025,"@trastamara_ana Entiendo que de haber vivido y tenido descendencia, España no se habría involucrado en la política imperial y habría evitado enzararse en el avispero de los Países Bajos, que tanta sangre y recursos castellanos consumieron.",2,0,0,193,239,0,1,0,ilopezcuevas,baseline_aug,política España,-0.296,negative
1962229645853511696,Sun Aug 31 19:02:58 +0000 2025,"Y hasta bien entrado el siglo XVIII, no aparece una componente política en la reconquista, cuando Isabel La Católica,excelente estratega, entiende que la Península no puede sobrevivir sin nuevas invasiones sólo con unidad religiosa, por lo cual busca la territorial. Nace España.",2,0,0,411,279,0,0,0,TheGoodKnowmad,baseline_aug,política España,-0.7906,negative
1962229171322487061,Sun Aug 31 19:01:05 +0000 2025,"""Hablar de Reconquista es inexacto, ya que esos territorios fueron musulmanes durante siglos y antes de eso nunca fueron de ninguno de esos reinos"".

Se llama Reconquista no por su componente política, sino por la religiosa: el cristianismo, no España, reconquistó territorios.",3,0,0,775,277,0,0,0,TheGoodKnowmad,baseline_aug,política España,-0.5267,negative
1962226484325585315,Sun Aug 31 18:50:24 +0000 2025,"En política internacional, España aparece en un rol inexistente: proyecta un discurso activo pero carece de peso real. Esa distancia entre lo que dice y lo que hace, como condenar conflictos mientras exporta armas, refleja su incoherencia.",0,0,0,11,239,0,0,0,carloosjimenezz,baseline_aug,política España,0.0,neutral
1962225570919354605,Sun Aug 31 18:46:47 +0000 2025,"""Los vecinos se alertaron por los gritos de la niña, que fue penetrada entre los arbustos de un parque."" ¿Cuántas mujeres y menores de edad más van a ser víctimas de la política del peor gobierno de la historia de España y menos feminista de todos los tiempos? Son CRIMINALES. https://t.co/x6fe08NDfF",0,0,0,24,300,0,0,1,BbiendoFantaUva,baseline_aug,política España,0.0,neutral
1962225475448692862,Sun Aug 31 18:46:24 +0000 2025,"@Santi_ABASCAL La política migratoria permisiva de Pedrito convierte a menores en moneda de cambio para su agenda globalista, mientras España pierde soberanía.

#SanchezDIMISION",0,0,0,1,177,1,1,0,elchivateo,baseline_aug,política España,0.0,neutral
1962225239133200734,Sun Aug 31 18:45:28 +0000 2025,"📖 Descubre el Caso Práctico de #ESG de Solunion en el #20AnuarioCorresponsables 👉 https://t.co/mecS057R97

🌍 “En Solunion estamos convencidos de que poner el foco en la Sostenibilidad es trabajar en beneficio de las personas y del planeta. Por eso, queremos acompañar también a https://t.co/CTJqsOWiEx",0,0,0,100,301,2,0,2,Corresponsables,baseline_aug,política España,0.0,neutral
1962224907158163520,Sun Aug 31 18:44:08 +0000 2025,"@grok @RayDonovan8812 @ThierryEnric14 Que imagen política ayudó al Madrid?? 🤣🤣🤣 Será al contrario, el Madrid con sus éxitos puso a España otra vez en el mapa, no al revés, no te confundas.",0,0,1,8,188,0,3,0,Eva84314661,baseline_aug,política España,0.7622,positive
1962224334019129514,Sun Aug 31 18:41:52 +0000 2025,"@eldiarioes @AntonioMaestre Mientras Antoñito Maestre DEFECA su porquería intelectual, una niña ha sido violada por uno de esos salvajes que la ultraizquierda se empeña en traer a España. No esperéis ninguna condena o mensaje de apoyo por parte de la ultraizquierda política y mediática: no los habrá. https://t.co/5bxB1PwtOe",0,0,0,3,325,0,2,1,ProgreLagrimas,baseline_aug,política España,-0.25,negative
1962224302750683469,Sun Aug 31 18:41:44 +0000 2025,@manuelabergerot El problema es que en España hay demasiados mongolos y mongolas en política y casualmente todos estáis en los mismo partidos parasitarios progresistas que no son votados ni por los familiares. Sin contar PSOE que lo que tienen es directamente corrupción y manipulación de urnas,1,0,0,11,294,0,1,0,Yomismo10587790,baseline_aug,política España,-0.7003,negative
1962224208005439954,Sun Aug 31 18:41:22 +0000 2025,"@HumbertoGatolo @Chriscuevas___ el despido antes de acabar el periodo de prueba es algo que lleva años funcionando igual en España,gobierne quien gobierne. Si alguien quiere criticar esa práctica, debería señalar la política laboral de MERCADONA, no usarlo como arma política contra Sánchez. https://t.co/OLoHae1g7e",2,0,0,42,315,0,2,1,rosa67romero,baseline_aug,política España,-0.296,negative
1962223566708998502,Sun Aug 31 18:38:49 +0000 2025,"Sánchez, bajo mínimos: la brecha de rechazo nacional triplica la de Trump y desata una tormenta política en España https://t.co/9IAmWyY6vt",0,0,0,16,138,0,0,1,Franqy11,baseline_aug,política España,0.0,neutral
1962221775711838512,Sun Aug 31 18:31:42 +0000 2025,"🔥ESPAÑA se QUEMA 🔥 INCENDIOS Emergencias,comunicación y política / @smormor1 

#seguridad #seguridadprivada #fuego #incendios #incendio

https://t.co/4LYbcAPwFY",5,1,0,548,160,5,1,1,Percebe87,baseline_aug,política España,-0.34,negative
1962220962113286222,Sun Aug 31 18:28:28 +0000 2025,"@RuedaAbsoluta @NunezFeijoo Por eso se va a Europa a joder a España en todo lo que pueda
Venga, incompetente, dimite
Que será lo mejor que hagas en tu carrera política",49,7,0,278,167,0,2,0,ReverendaRoja,baseline_aug,política España,0.0,neutral
1962220409626988912,Sun Aug 31 18:26:16 +0000 2025,"@SpasicLo A ver, con la situación política y deportiva actual en España,  no se que se puede hacer, lo ideal sería abandonar estac3scoria, pero, legalmente  ,no tenemos opción, o disolvemos el club, o no veo opciones, las ligas, a partir de ahora de cada 10,  9 se las darán  al Spotify",0,0,1,10,286,0,1,0,JoseLop76232855,baseline_aug,política España,0.0,neutral
1962220199697891480,Sun Aug 31 18:25:26 +0000 2025,"@shankamar inepta y cazurra forrándose sin dar palo al agua,igual que en España,la izquierda viene a la política a incrementar su patrimonio personal y a trabajar lo menos posible,o ni siquiera trabajar, lo que trabaja bien es la lengua vendiendo humo,populistas,cargas públicas e inútiles",0,0,0,6,289,0,1,0,TowersSonia,baseline_aug,política España,-0.5574,negative
1962220084744573105,Sun Aug 31 18:24:59 +0000 2025,La VIOLACION de esta niña no es una DESGRACIA  es la forma de hacer política de un trampero que  se cree que  España es una SAUNA. Guardar las formas a estas alturas es negarse a TOMAR LA INICIATIVA. Es seguir en un discurso que  nadie entiende. Ha llegado la hora de dar el paso.,0,0,0,148,280,0,0,0,JoseGarcagonza1,baseline_aug,política España,0.0516,positive
1962218966375436391,Sun Aug 31 18:20:32 +0000 2025,"En política, las palabras pesan más cuando se comparan los hechos:
. @sanchezcastejon traiciona a España.
.@NunezFeijoo decepciona.
.@Santi_ABASCAL convence.
Pedro Sánchez pasará a la historia como un presidente que hundirá al PSOE. Zapatero lo acompañará en ese camino.
Feijóo:",2,1,0,734,278,0,3,0,mpascualromero,baseline_aug,política España,0.0,neutral
1962218243139244152,Sun Aug 31 18:17:40 +0000 2025,"@Joel9182 Basado en tu historial de tuits (antiinmigración, críticas al PSOE, fitness y debates sociales):

- Edad física: Alrededor de 25 años (recuerdas ESO como pasado, pero eres joven y activo).
- IQ: 120+ (análisis agudos en política y sociedad).
- EQ: 100 (emocional, pero impulsivo",0,0,0,78,288,0,1,0,grok,baseline_aug,política España,0.2732,positive
1962215752146334047,Sun Aug 31 18:07:46 +0000 2025,"@antonalfe ¡Hola! Basado en tu historial de tuits (política, familia, historia, debates migratorios y toques de humor):

- Edad física: Alrededor de 35 años.
- IQ: 125 (análisis inteligentes y críticos).
- EQ: 115 (empático y educado en interacciones).
- Profesión ideal: Analista político o",0,0,0,6,291,0,1,0,grok,baseline_aug,política España,0.6996,positive
1962214340137771264,Sun Aug 31 18:02:09 +0000 2025,@IdiazAyuso Tenía esperanzas en usted como mujer política para España. Tremendo ostión y defraude .,0,0,0,4,99,0,1,0,CeliaCr99728808,baseline_aug,política España,0.0,neutral
1962198006565880303,Sun Aug 31 16:57:15 +0000 2025,"#ExpedienteRoyuela #JuezPresencia
🛑 Tres años que arruinaron España,o la política de tierra quemada de Pedro Sánchez,Margarita Robles y Zapatero
@ManosLimpiasCFP
Corrupción,clientelismo y mafia
...#IncendiosForestales #DanaDeValencia
#BegoñaGómez
#PSOETA

https://t.co/ZdnqwYADEv",1,2,0,57,279,6,1,1,Bblues68,baseline_aug,política España,-0.296,negative
1962197989037944960,Sun Aug 31 16:57:11 +0000 2025,"Feijóo avisa: Sánchez está en tiempo de descuento. Promete cambio inmediato tras las elecciones y critica la inacción del Gobierno en presupuestos e incendios. Alternativa clara al “bucle de la incompetencia” del PSOE.
https://t.co/s2nzyWM8yG #Política #España @populares",0,0,0,36,271,2,1,1,leofernandezalv,baseline_aug,política España,0.0,neutral
1962197622707421376,Sun Aug 31 16:55:43 +0000 2025,"@eldiarioes Esa es la forma de hacer política de Feijóo, lo hizo en Galicia y y lo está haciendo en España, así pretende esconder lo ruin e inútil que es.",1,1,0,24,154,0,1,0,martaskrit,baseline_aug,política España,-0.5859,negative
1962197035462832582,Sun Aug 31 16:53:23 +0000 2025,Pedro Sánchez sigue jugando al escondite político mientras España se complica: investigaciones y desconfianza crecen y él prepara maniobras para evitar rendir cuentas. ¿Hasta cuándo esta falta de transparencia? https://t.co/TjxVjLm2TG #España #Política #Transparencia,0,0,0,17,267,3,0,1,leofernandezalv,baseline_aug,política España,0.0,neutral
1962194685419569269,Sun Aug 31 16:44:03 +0000 2025,"@elmundoes Demostración qué si se quiere, se puede, pero en España tenemos la peor MAFIA POLÍTICA",0,0,0,17,97,0,1,0,Juan145347,baseline_aug,política España,0.0,neutral
1962193692443246999,Sun Aug 31 16:40:06 +0000 2025,"@NunezFeijoo Si estamos así es gracias a las política que PP y Socialistas han votado en Europa, si estamos así es gracias a su inacción cómplice en España, si nos vemos así es gracias a su cordón sanitario a VOX el 23J que permitió gobernar a Pedro Sánchez.
Hay que tener muy poca vergüenza.",4,1,0,64,292,0,1,0,pepellopis,baseline_aug,política España,0.0,neutral
1962193024131236049,Sun Aug 31 16:37:27 +0000 2025,"@FonsiLoaiza No comento tus publicaciones pero hoy voy a hacer una excepción. 
Hay que quitarse la venda de los ojos y la ideología a la basura. Cuando se hace eso, uno se da cuenta de que TODOS hacen lo mismo. En España la política no es una vocación,  es un negocio.",0,0,0,6,268,0,1,0,XTOMHIGHWAY,baseline_aug,política España,-0.5267,negative
1962192714109247969,Sun Aug 31 16:36:13 +0000 2025,"@Jackes_is_back Se va de campaña política a España, #MileiCorrupto @vox_es #MileiCoimeros #MileiCorrupto #MileiTraidorALaPatria",3,1,0,34,127,4,2,0,glorialuar,baseline_aug,política España,0.0,neutral
1962192263166988327,Sun Aug 31 16:34:25 +0000 2025,@JaviRodrigo11 estamos hablando entonces de no de los atados más voluminoso de zánganos  de la política español de los últimos tiempos ?? los que van a enseñarle a la nación a crear empleo???  españa está cagada y con el agua lejos!!,0,0,0,32,233,0,1,0,arturoplatap,baseline_aug,política España,-0.5781,negative
1962191886686269785,Sun Aug 31 16:32:56 +0000 2025,"@Maluher21 @urbasanatur ""Unionismo"", otro ejemplo abertzale de apropiación de una categoría política ajena a España. En este caso lo han cogido de Irlanda del Norte.
Todavía les sigo preguntando de dónde han sacado el término de ""colono"".",0,0,1,29,238,0,2,0,JuandeGaribay,baseline_aug,política España,0.0,neutral
1962190369883357316,Sun Aug 31 16:26:54 +0000 2025,"Que éste hombre llegue a la presidencia del gobierno sería la degradación política más insultante en España,si además lo consigue con un partido claramente fascista es retroceder 80 años 

Feijóo abre el curso político del PP en Cerdedo-Cotobade https://t.co/IRL0AvFFvW",1,0,0,18,269,0,0,1,salagartija,baseline_aug,política España,0.0,neutral
1962190339038405068,Sun Aug 31 16:26:47 +0000 2025,"Cataluña tiene tantos problemas que, hablando en catalán, se resolverán solos...¿ verdad ?

Es indecente  la política lingüística de las Autonomías españolas con lengua autóctona. Quieren eliminar el castellano, objetivo ruso para comenzar a  destruir España. https://t.co/e2stkbri0Q",5,4,0,58,283,0,0,1,valores_espana,baseline_aug,política España,0.0,neutral
1962190012990329172,Sun Aug 31 16:25:29 +0000 2025,"@wallstwolverine La UE es una ruina para España, pero imagínate la clase política española con poder en política monetaria... Seríamos argentina. Fuera de la UE pero con el Euro sería la mejor combinación.",0,0,0,18,205,0,1,0,Prax_Arnau,baseline_aug,política España,0.0,neutral
1962189743719886889,Sun Aug 31 16:24:25 +0000 2025,"Tede coidado en España, a política de reforestar bosques do PP é a de abaixo https://t.co/hdBtutNzF7",313,84,6,8032,100,0,0,1,BorxaGC,baseline_aug,política España,0.0,neutral
1962189473573109870,Sun Aug 31 16:23:20 +0000 2025,"@Danielsalcan_ Te explico borrego, en España existen los ""presidente de comunidad autónoma"" (Gobernador de provincia), el pensaba que en Guayaquil hay la misma distribución política que en España.

Al Man le vv la trinca política de aca, y te aseguro lo que que detesta a los zurdos como tú.",0,0,0,18,291,0,1,0,CorreaLaBadea,baseline_aug,política España,0.0,neutral
1962189329951764762,Sun Aug 31 16:22:46 +0000 2025,"@maxpradera se ha hecho algo desde la DANA en Valencia?
Se han limpiado cauces y barrancos?
Se han mejorado las zonas inundables?
No se ha hecho NADA y ahora vienes llamando al mal tiempo, porque el enemigo es el Cambio Climático y no la incompetencia política en España.",2,0,0,21,271,0,1,0,Karonte_Jurjur,baseline_aug,política España,-0.5538,negative
1962189126465134699,Sun Aug 31 16:21:58 +0000 2025,@GustavoRocMtz Esto es lo que el PRI y PAN y empresarios corruptos defendían..Norma piña donde protección 24 7 a la delincuencia política..y en sus últimos días en la corte se robaron 188 artículos de arte que le pertenece a México por historia..de seguro van rumbo a España asu nueva propiedad,0,0,0,6,294,0,1,0,zztopluis69339,baseline_aug,política España,0.0,neutral
1962187769180262729,Sun Aug 31 16:16:34 +0000 2025,"@Jose_Ferrer_Bla @ElDatoIntern Basado en fuentes recientes y variadas:

- Hijos de Nicolás Maduro: Nicolás Maduro Guerra reside en Venezuela, activo en política. Rumores de visitas a Mónaco. Reportes de 2025 indican que tres hijos (incluyendo hijastros) llegaron a Nicaragua.

- Hijos de Diosdado Cabello:",3,1,0,310,305,0,2,0,grok,baseline_aug,política España,0.0,neutral
1962187650292449546,Sun Aug 31 16:16:06 +0000 2025,"📖 Descubre el Caso Práctico de #ESG de SEUR en el #20AnuarioCorresponsables 👉 https://t.co/MWNRu2zSD1

🌍 “El compromiso de SEUR con la Sostenibilidad traspasa el papel y se convierte en hechos. Seguiremos predicando con el ejemplo a la hora de impulsar e integrar la https://t.co/FHC1adP769",0,0,0,112,290,2,0,2,Corresponsables,baseline_aug,política España,0.0,neutral
1962187602921914490,Sun Aug 31 16:15:54 +0000 2025,"que asco dan estos oportunistas, aprovechando una desgracia para hacer política barata y asquerosa.
Cada día me asquea mas Vox, pero lamentablemente no tienen estrategia política sino el insulto permanente y por supuesto alegrando al delincuente que gobierna España",0,0,0,,265,0,0,0,hernan5800,baseline_aug,política España,-0.296,negative
1962187600908656975,Sun Aug 31 16:15:54 +0000 2025,"@Manufer222 Usted todavía piensa que la Cruz Roja hace la política de España?

""Cuando el sabio señala la luna, el tonto mira el dedo""",0,0,0,17,134,0,1,0,lahostiaenbote,baseline_aug,política España,0.0,neutral
1962186895749681216,Sun Aug 31 16:13:06 +0000 2025,"A este traidor antiespañol, hay que sacarlo si o si y pagarle unas vacaciones de 25 o 20 años en prisión a elegir, ya!
Sánchez, bajo mínimos: la brecha de rechazo nacional triplica la de Trump y desata una tormenta política en España https://t.co/piQ45RV4Kd",0,0,0,20,257,0,0,1,1224AF7,baseline_aug,política España,0.0,neutral
1962185669784096949,Sun Aug 31 16:08:13 +0000 2025,"Sánchez, bajo mínimos: la brecha de rechazo nacional triplica la de Trump y desata una tormenta política en España https://t.co/y0S7K8K4bx",0,0,0,22,138,0,0,1,JJ62708521,baseline_aug,política España,0.0,neutral
1962185360722534838,Sun Aug 31 16:07:00 +0000 2025,"@Frauja_ @Isabelperezmoi1 Tardará tiempo, pues si dejas un lugar vacío,otros lo llenarán, y en España necesitáis una política de natalidad.Harta estoy de ver parejas jóvenes con uno o dos perros y sin pensar en tener ni un hijo",0,0,0,12,227,0,2,0,cfcuartero01,baseline_aug,política España,-0.5574,negative
1962185045835206818,Sun Aug 31 16:05:45 +0000 2025,"@oscar_puente_ Eres basura, tú y el otro. La peor clase política que jamás haya tenido España, lo pagaréis.",3,0,0,49,107,0,1,0,adrian93GT,baseline_aug,política España,0.0,neutral
1962184793514197197,Sun Aug 31 16:04:45 +0000 2025,"La misma podredumbre que azota a España en la política, es la misma que padece al @realmadrid",0,0,0,10,93,0,1,0,MarthaPerezM,baseline_aug,política España,0.0,neutral
1962136519004541096,Sun Aug 31 12:52:55 +0000 2025,"@NunezFeijoo Me ha encantado su discurso porque de todo lo que acusa al @sanchezcastejon es lo que hace usted,lo cuenta todo al revés,lo que no entiendo es que haya gente que le vote,eso demuestra que en España todavía hay mucha incultura política #TodoMentiraPP",0,0,0,3,262,1,2,0,carmana9,baseline_aug,política España,0.0516,positive
1962135920666112290,Sun Aug 31 12:50:32 +0000 2025,"@PabloEchenique Mira hijo, puedes volver a Argentina y reivindicar la política ahí, puedes cagarte en la madre de Milei, pero por favor , vete de España, no te necesitamos",0,0,0,12,171,0,1,0,astete_cindy,baseline_aug,política España,0.128,positive
1962134272350867483,Sun Aug 31 12:43:59 +0000 2025,@ElMorandi2 El daño que hace a España en política internacional es muy grave.,1,0,1,38,77,0,1,0,Leonard51463261,baseline_aug,política España,-0.3818,negative
1962134162933960946,Sun Aug 31 12:43:33 +0000 2025,"Secuestro de bebés en España. Sin justicia. El delito más execrable que un ser humano puede perpetrar. Lesa humanidad.  Amparando a los delincuentes, a día de hoy, y el abandono mas absoluto de las víctimas. Con un gobierno progresista y la connivencia de toda la clase política.",0,0,0,80,279,0,0,0,con_inmaculada,baseline_aug,política España,-0.5574,negative
1962133753330856033,Sun Aug 31 12:41:56 +0000 2025,"@LaMadreDeSatan La prima de riesgo de España debería haber aumentado desde finales de 2019, cuando se eliminó la política de rigor presupuestario. Pero el BCE decidió repartir liquidez.",0,0,0,168,185,0,1,0,JuanjoEscucha,baseline_aug,política España,0.0,neutral
1962132909382349154,Sun Aug 31 12:38:34 +0000 2025,"Cada vez veo más claro que en España no tenemos una cultura política de atención al ciudadano.

Lo que tenemos es una cultura de cuánto me puedo llevar en estos 4 años y después que se pille los dedos el siguiente.

O sino meter a los más cercanos para que también hagan lo mismo.",0,0,0,2,280,0,0,0,Darktweet17,baseline_aug,política España,-0.296,negative
1962132600597750216,Sun Aug 31 12:37:21 +0000 2025,"@JulenBollain Una persona enferma no debería ser utilizada como munición política @JulenBollain. Esta mujer es española y tiene derecho a curarse aquí si lo desea. España, por su parte, también mata con sus listas de espera interminables, así que no creo que sacar pecho sea lo más adecuado. La",0,0,1,20,294,0,2,0,GLaDOS_Based,baseline_aug,política España,-0.5267,negative
1962132455978086714,Sun Aug 31 12:36:46 +0000 2025,"@emy_ayuso España necesita urgente un gobierno nacionalista que limpie el País de musulmanes, reduzca a cero la inmigración por 10 años y retire a España de los organismos progress que promueven la política de frontera abierta.",0,0,0,18,227,0,1,0,JosRodr55022038,baseline_aug,política España,0.4215,positive
1962131161150361865,Sun Aug 31 12:31:38 +0000 2025,"@Jagospierre Hombre...que la financiación no venía solo de extorsiones con amenazas de muerte y no se ha investigado porque a España y Europa no le interesaba por mantener la estabilidad política lo sabemos tú, yo y todo el que sepa sumar 2+2 de los que vivimos en Euskalherria 🤣",12,1,2,12330,279,0,1,0,Rodri595RS,baseline_aug,política España,-0.5324,negative
1962130918253933047,Sun Aug 31 12:30:40 +0000 2025,"📖 Descubre el Caso Práctico #ESG de #GrupoTragsa en el #20AnuarioCorresponsables 👉 https://t.co/rKNF5S09U2

💬 “Aspiramos a seguir siendo un medio propio instrumental eficiente al servicio de las administraciones públicas españolas, apoyándolas en la transformación del país https://t.co/tPcJUsOL0q",0,0,0,84,297,3,0,2,Corresponsables,baseline_aug,política España,0.0,neutral
1962130834711875641,Sun Aug 31 12:30:20 +0000 2025,"El Ayuntamiento de Pozuelo cierra un centro de inmigrantes al no poseer la licencia requerida. Según informa el diario El País, esta decisión ya genera controversia.  
¿Se prioriza la legalidad sobre el bienestar de las personas afectadas?  
#Inmigración #Política #España",0,0,0,25,272,3,0,0,path_following,baseline_aug,política España,-0.296,negative
1962130821982138682,Sun Aug 31 12:30:17 +0000 2025,@eldebate_com Es necesario cambiar la ley electoral para que todos esos partidos independentistas y nacionalistas no condicionen en el Congreso la política de toda España.,3,0,0,45,171,0,1,0,FICORICKY,baseline_aug,política España,-0.296,negative
1962129106381754485,Sun Aug 31 12:23:28 +0000 2025,"@josevico4 El sueño de este cuñado que ve a la virgen en las manchas de humedad es convertirse en otra caricatura, más nauseabunda,si es posible,de Trump,como hizo Milei pero en España, cuando el PP y VOX se conviertan en ""derecha cobarde""Aún lo recuerdo decir:Yo no sé de política...",0,0,0,25,284,0,1,0,Danitxin,baseline_aug,política España,-0.296,negative
1962128071244349800,Sun Aug 31 12:19:21 +0000 2025,"@MarkuskusBro @elmundoes Los Catalanes, en España y en UE, pasarían a ser extranjeros y extracomunitarios.
Y ahora, la parte menos deseable, pero posible.
Dependiendo de quién gobierne en ambos lados, la situación política y social puede ser muy peliaguda, siempre pueden pedir ayuda a Rusia o Irán.",0,0,1,6,299,0,2,0,Abuelobasado72,baseline_aug,política España,0.0,neutral
1962127687616537031,Sun Aug 31 12:17:49 +0000 2025,"@david_bonilla Precisamente, la política fiscal común en Europa es inexistente, así como pincelada. Por eso no tiene nada que ver lo que se gaste en sanidad en España, con los fondos públicos que se reciban en España, vía Europa.",0,0,2,667,229,0,1,0,javedi1975,baseline_aug,política España,-0.296,negative
1962273484001681604,Sun Aug 31 21:57:10 +0000 2025,"@A3Noticias Que mal escrito! Corrijo: Dos hojos de la gran puta, terroristas de HAMÁS, asesinan con saña a un padre judío delante de sus hijos. Subtítulo: Dicho grupo terrorista es defendiendo por el gobierno de España y sus socios.",0,0,0,11,232,0,1,0,ManuGarca16,baseline_aug,gobierno España,0.0,neutral
1962273135236956301,Sun Aug 31 21:55:47 +0000 2025,El arbitraje en España tiene tanta vergüenza como el gobierno Frankenstein….. (sin),0,0,0,139,83,0,0,0,CTajadura,baseline_aug,gobierno España,-0.5574,negative
1962273052642652461,Sun Aug 31 21:55:27 +0000 2025,"Feijóo anticipa otro curso político de crispación: ""España no es este Gobierno. Vamos a devolver España a los españoles"" https://t.co/iN970r0VLh",2,0,0,48,144,0,0,1,manolo_veiga,baseline_aug,gobierno España,-0.296,negative
1962271010327044284,Sun Aug 31 21:47:20 +0000 2025,"Feijóo anticipa otro curso político de crispación: ""España no es este Gobierno. Vamos a devolver España a los españoles"" https://t.co/LQPKxqKDcf",0,0,0,11,144,0,0,1,HumbertoDAscoli,baseline_aug,gobierno España,-0.296,negative
1962270171571069040,Sun Aug 31 21:44:00 +0000 2025,"@EFEnoticias España tiene un gobierno como no ha tenido nunca. Asi estamos, creciendo y muy valorados por Europa, como jode lo bien hecho",0,0,0,16,137,0,1,0,Mirentxin,baseline_aug,gobierno España,-0.2584,negative
1962269971083669695,Sun Aug 31 21:43:12 +0000 2025,"@antesvotabalpp @IdiazAyuso En España, las regiones (como Madrid) se encargan de cuidar y proteger a los menores extranjeros solos (MENAs), por ley. El Gobierno central solo maneja la inmigración general y ayuda en casos extremos. No es solo culpa de Sánchez; es un sistema compartido. Fuentes: Constitución",0,0,0,11,307,0,2,0,grok,baseline_aug,gobierno España,-0.296,negative
1962269941647692259,Sun Aug 31 21:43:05 +0000 2025,@PiedrafitaMario No soy del PP ni nada por el estilo pero por favor cuándo va a llegar el día en el que sepáis lo que votáis en unas generales. En España NO se vota al presidente del gobierno,2,0,0,138,191,0,1,0,geluygelinn,baseline_aug,gobierno España,-0.347,negative
1962268675077214685,Sun Aug 31 21:38:03 +0000 2025,"@antesvotabalpp @IdiazAyuso En España, las comunidades autónomas son responsables principales de la protección y tutela de los menores extranjeros no acompañados (MENAs), según competencias constitucionales. El Gobierno central gestiona políticas de inmigración y puede coordinar redistribuciones en casos",0,0,1,10,305,0,2,0,grok,baseline_aug,gobierno España,-0.296,negative
1962268640171982928,Sun Aug 31 21:37:55 +0000 2025,"El Gobierno de España, se pasa por el forro de sus cojones la violencia de Vox y sus voxeros.
Luego que si viene la ultraderecha y tal...",110,33,5,1403,137,0,0,0,HPodemita,baseline_aug,gobierno España,0.0,neutral
1962268490628255794,Sun Aug 31 21:37:20 +0000 2025,"@Jacdelanou @manelmarquez Alonso y Nadal me importan un pito. Si el gobierno de España se hubiera dedicado, por ejemplo, a ""acabar con ETA"" masacrando a la población del país vasco y destruyendo sus ciudades, desde luego esperaría una reacción de condena de todo español decente.",0,0,1,17,279,0,2,0,GrandalAurora,baseline_aug,gobierno España,0.0,neutral
1962267653856493859,Sun Aug 31 21:34:00 +0000 2025,"España dio por finalizada este domingo la emergencia vigente durante  varias semanas por una de las peores olas de incendios forestales que  afectó al país en los últimos años, y que dejó cuatro muertos y más de  350,000 hectáreas quemadas.

""Este trágico episodio de la historia https://t.co/x5n4YtqbWa",2,0,0,1071,303,0,0,1,TReporta,baseline_aug,gobierno España,0.0,neutral
1962266898898338260,Sun Aug 31 21:31:00 +0000 2025,"🚨 LaLiga ha bloqueado Cloudflare en España 🚨
Miles de webs y empresas legales están siendo afectadas, con pérdidas económicas y privación de derechos a usuarios.

Operadoras y Gobierno son cómplices de este atropello.

#LaLiga #Cloudflare #CensuraDigital https://t.co/RH9N0KVpwg",0,0,0,5,278,3,0,1,elcazaweb,baseline_aug,gobierno España,0.34,positive
1962266730593480937,Sun Aug 31 21:30:20 +0000 2025,"@lagrima75 Tooooodo es culpa del PP, madre mía si lleváis más de 7 años en el gobierno, a qué os dedicáis aparte de vender a España a los Catalanes?",0,0,0,2,148,0,1,0,liberal_15,baseline_aug,gobierno España,0.0,neutral
1962265084085850550,Sun Aug 31 21:23:47 +0000 2025,"@YihiRM Me recuerda mucho al actual gobierno de España.

Demasiadas similitudes veo.",0,0,0,290,84,0,1,0,JosePed44188192,baseline_aug,gobierno España,0.0,neutral
1962264629222023401,Sun Aug 31 21:21:59 +0000 2025,@NunezFeijoo Ya está bien de que los gobiernos autonómicos peperos sean unos incompetentes y cada vez que hay una desgracia se desentienden de sus obligaciones y culpen al Gobierno de España. Eres un sinverguenza!!!,0,0,0,3,215,0,1,0,marialb1234,baseline_aug,gobierno España,0.0,neutral
1962264320814854314,Sun Aug 31 21:20:45 +0000 2025,"@elespanolcom @pedroj_ramirez Ten en cuenta una cosa, el fascismo, franquismo genocida estuvo en España durante más d e 40 años, si no estás  de acuerdo con éste gobierno tienes una alternativa, te puedes presentar a las elecciones, cosa que con Franco no pasaba porque te fusilaban",2,0,0,59,282,0,2,0,diedro1965,baseline_aug,gobierno España,-0.5267,negative
1962264234269573192,Sun Aug 31 21:20:25 +0000 2025,"@felixbolanosg Y el gobierno de España le vende armas y compra armas al Genocida Netanyahu que los asesina y mata de hombre,no nos tomes por tontos.",1,0,0,17,148,0,1,0,Lua74830579,baseline_aug,gobierno España,0.0,neutral
1962264031391031426,Sun Aug 31 21:19:36 +0000 2025,@roitele1 Ahora resulta que España capaz y le declara la guerra a Israel; sería interesante porque quizás es la única manera de sacar a esos socialistas del gobierno ya que a los españoles les encanta el masoquismo.,0,0,0,10,215,0,1,0,lccabrera,baseline_aug,gobierno España,0.0,neutral
1962264018783015080,Sun Aug 31 21:19:33 +0000 2025,"@MarioNoyaM Todo en España por culpa de este gobierno con sus políticas,decisiones,cesio-nes,asaltos a las instituciones, subvenciones,trinques….",0,0,0,12,145,0,1,0,Pzcamir,baseline_aug,gobierno España,0.0,neutral
1962263940101968036,Sun Aug 31 21:19:15 +0000 2025,"@sanchezcastejon Tu política inmigracionista va a entregar el gobierno de España a la ultraderecha. No sé qué tienes en la cabeza. 
España es el país con más paro de Europa y el que más inmigrantes acoge. Salarios de hace 30 años, vivienda inaccesible, violencia...
https://t.co/bNL6vJLipx",0,0,0,10,289,0,1,1,tomaspar,baseline_aug,gobierno España,-0.296,negative
1962263036871561306,Sun Aug 31 21:15:39 +0000 2025,"@gusman126 @nayibbukele @grok Cualquiera que defienda la Ley y el Orden defendería más el gobierno de El Salvador que el gobierno de España por razones obvias. Que no tienen que ver con ideología sino con hechos. Mi condición de Abogado del Estado en activo me impide percibir ningún tipo de retribución, de El",16,4,5,771,310,0,3,0,Macarena_Olona,baseline_aug,gobierno España,-0.296,negative
1962262607924007170,Sun Aug 31 21:13:57 +0000 2025,@Imanol_Pradales @EiderMendoza2 Los que apoyan a un Presidente del Gobierno de España corrupto y/o a un Gobierno corrupto son tan corruptos como ellos. Quien pueda entender que entienda.,0,0,0,5,186,0,2,0,pablomadri,baseline_aug,gobierno España,0.0,neutral
1962262292508160491,Sun Aug 31 21:12:42 +0000 2025,@BukeZero50660 @ciudadanoalt Lo que no es bueno es que terroristas y golpistas sean los que sostengan al gobierno del reino de España. Estos son cuatro colgados sin representación parlamentaria ni poder alguno.,1,0,0,65,210,0,2,0,AsurbanipalR,baseline_aug,gobierno España,-0.7003,negative
1962262286157902204,Sun Aug 31 21:12:40 +0000 2025,"De hecho, es muy posible que España tenga a la primera Presidente del Gobierno. https://t.co/uT3NBroCYT",7,0,1,637,103,0,0,1,Frauja_,baseline_aug,gobierno España,0.0,neutral
1962261716131012633,Sun Aug 31 21:10:24 +0000 2025,"@PanamaSuiza SERÍA EL DESASTRE MAYOR DE ESPAÑA EL SR. FEIJÓO ES UN INFLADOR, NO ESTÁ  CAPACITADO PARA GOBERNAR UN PAÍS  SU GOBIERNO EN GALICIA FUE UN FRACASO, LOS GALEGOS LO CONOCEN BIEN.",0,0,0,16,187,0,1,0,Salpafuera_,baseline_aug,gobierno España,-0.4466,negative
1962261711643128136,Sun Aug 31 21:10:23 +0000 2025,@Antonio61084617 @_anaredondo_ @SarahPerezSanta @rtve Si lo que os vamos a poner la cara cara colorada somos los disidentes a mamarrachos como tu que justificais al gobierno corrupto de putas y cocaína que se estan cargando España borrego de mierda,0,0,0,27,248,0,4,0,Manu_siux,baseline_aug,gobierno España,0.0,neutral
1962261543761952782,Sun Aug 31 21:09:43 +0000 2025,"@oscar_puente_ Un gobierno con ministros que se dedican a dividir España, a llamar Pacos a los que no les decimos que lo están haciendo bien, a faltar al respeto a la mitad del país ...parece una mala pesadilla pero es real",0,0,0,9,223,0,1,0,makaveli23459,baseline_aug,gobierno España,-0.296,negative
1962261381631160553,Sun Aug 31 21:09:05 +0000 2025,"@ChicoteLerena El gobierno criminal ""invirtió"" 13.000 millones de euros en la España vaciada y lo que han hecho es robar. Nos toman por idiotas, nos roban, nos mienten y aquí no pasa nada.",0,0,0,39,188,0,1,0,yolandazaragoza,baseline_aug,gobierno España,-0.6808,negative
1962261242753503388,Sun Aug 31 21:08:31 +0000 2025,"@_InakiLopez_ Como siempre una comisión de rojos de 💩 💩 💩 que dicen mentiras,como con la Dana,  el culpable de los incendios es el Gobierno CORRUPTO por los recortes,  mientras España se quemaba,  el PSICÓPATA mafioso de Sánchez de vacaciones con su familia corrupta ladrona imputada!!",0,0,0,4,285,0,1,0,Anaiglesias65,baseline_aug,gobierno España,0.0,neutral
1962260789571580158,Sun Aug 31 21:06:43 +0000 2025,"@PartidoRepEs @TuiteroSismico @nayibbukele de ninguna manera unirse con España, es un gobierno COMUNISTA y ASESINO, además de CORRUPTO,roba hasta las donaciones en contubernio con la Cruz Roja,
pretendió borrar del mapa la Comunidad de Valencia, buscar “La Dana en Valencia” ocurrida el 29 de octubre 2024, infórmense bien.",4,0,0,81,323,0,3,0,MiravalClara,baseline_aug,gobierno España,0.0,neutral
1962260664220553675,Sun Aug 31 21:06:14 +0000 2025,"🇪🇸 | España | María Jesús Montero critica a las comunidades del PP por eludir responsabilidad en incendios y culpar al Gobierno: ""Es una actitud negligente y sumamente irresponsable"". TODO UN CONTUBERNIO AGENDA SATÁNICA 2030 https://t.co/EXUi7Infqb",0,0,0,10,248,0,0,1,jesusmasot,baseline_aug,gobierno España,0.0,neutral
1962260167673663923,Sun Aug 31 21:04:15 +0000 2025,"@laSextaXplica Ya que estas aqui, ¿Que es España?. 
Un pais sin Gobierno. 
Estos dictan: https://t.co/j3xxa8wgDF",0,0,0,10,112,0,1,1,Amunariz81,baseline_aug,gobierno España,-0.5574,negative
1962259995153600970,Sun Aug 31 21:03:34 +0000 2025,"@Mtelladof @EsterMunoz85 @ppopular Llegan tarde otra vez, España entera ha visto la inutilidad del @ppopular para enfrentarse a catástrofes. Se gastan el dinero de prevención en subvencionar a Inda, Federico, Vito Quiles y otros y a toreros y mierdas y luego pasa lo q pasa. Y después queréis que el Gobierno pague.",0,0,0,9,315,0,4,0,HartoDeFachas,baseline_aug,gobierno España,0.34,positive
1962259780938207344,Sun Aug 31 21:02:43 +0000 2025,"🔴ESPAÑA, OTRA MUJER VIOLADA POR INMIGRANTE ILEGAL.

Es una Menor de 14 años, violada Brutalmente por un ""Inmigrante Ilegal Marroquí de 17 años,Tutelado por el Gobierno en Calidad de MENA.

El Gobierno y sus medios de Desinformación, Ocultan la Nacionalidad del Violador. https://t.co/pIjJ5CauAj",31,16,2,1032,294,0,0,1,egtegain,baseline_aug,gobierno España,0.0,neutral
1962259264350933197,Sun Aug 31 21:00:40 +0000 2025,"@FrancescViana @Noelia_cp7 Sí, el Gobierno de España gestiona Sareb de forma indirecta: posee el 45% a través del FROB y supervisa sus operaciones. Es una sociedad mixta con 55% de capital privado. En 2025, ha aprobado traspasos de activos a entidades públicas como Sepes. Fuentes: sitio oficial Sareb, BOE",0,0,1,32,306,0,2,0,grok,baseline_aug,gobierno España,0.34,positive
1962258971764363565,Sun Aug 31 20:59:30 +0000 2025,@grok @Noelia_cp7 @grok La Sareb la gestiona el gobierno de España?,0,0,1,26,67,0,3,0,FrancescViana,baseline_aug,gobierno España,0.0,neutral
1962258842730828137,Sun Aug 31 20:58:59 +0000 2025,"Es bochornoso cargar sus culpas sobre Sanchez. Auténticos indeseables. Compromiso y responsabilidad ya tiene con el gobierno central. Que la derecha no mienta como bellacos, es lo que necesita España.",84,29,1,3898,200,0,0,0,rosamariaartal,baseline_aug,gobierno España,-0.296,negative
1962258608600571919,Sun Aug 31 20:58:03 +0000 2025,"Si este retrasado mental, este incompetente manifiesto y mala persona, llegará utópicamente a Gobernar España, sería peor que @JMilei 

Feijóo sentencia a este Gobierno que ""huele a rancio"" y promete tener ""listo"" el ""cambio"" en cuanto haya elecciones https://t.co/zDndTxjt6P",1,0,0,11,275,0,1,1,HartoDeFachas,baseline_aug,gobierno España,0.0,neutral
1962258408729370671,Sun Aug 31 20:57:16 +0000 2025,"@10JoseAlvarez Tu justicia se resume en 8.4 millones de euros en 17 años, que se sepa, pagados al vicepresidente del @CTARFEF con el auspicio de @Tebasjavier y la anuencia de @rfef con la impunidad asegurada del gobierno Español... que cloaca España.",0,0,0,10,250,0,4,0,JerryLugo84,baseline_aug,gobierno España,0.0,neutral
1962258325585719507,Sun Aug 31 20:56:56 +0000 2025,@oscar_puente_ Haz la diferencia entre la España de 2019 y la de 2025 …. (Gobierno del PSOE),0,0,0,15,92,0,1,0,LaSombraAtaca,baseline_aug,gobierno España,0.0,neutral
1962258264541847667,Sun Aug 31 20:56:41 +0000 2025,"@arturote8 Pero esto cuando se a visto en España??????
Esto es la mierda de gobierno progre mierda.
Que nos dejó el PP si el PP
Que tuvo mayoría y no hizo nada, si no, no estába Sánchez  ni toda esta basura Enfrentaron a España conseguido 
qerían que fuéramos racistas conseguido. Despertar",0,0,0,76,290,0,1,0,Mariajesusc17,baseline_aug,gobierno España,-0.6553,negative
1962258188910133684,Sun Aug 31 20:56:23 +0000 2025,@vialsa4 @gaceta_es Muy bien 👍🏻 necesitamos urgentemente un gobierno que promueva y ejecute la deportación masiva de inmigrantes ilegales. La ley existe pero de aplica porque el gobierno actual con sus socios promueve la inmigración ilegal. Es una invasión extranjera . No entran legalmente a España,0,0,0,36,299,0,2,0,Manuel36563155,baseline_aug,gobierno España,-0.296,negative
1962258004885041586,Sun Aug 31 20:55:40 +0000 2025,"@DiegoJMontero2 @partidazocope @elchiringuitotv @RadioMARCA Que en España haya gente que escuche o vea esos programas es algo difícil de entender desde fuera, luego veo que el presidente del gobierno es Sánchez y lo entiendo todo. 🤷🏻‍♂️",0,0,0,5,236,0,4,0,Templario_Gt,baseline_aug,gobierno España,0.0,neutral
1962257598876406241,Sun Aug 31 20:54:03 +0000 2025,"@oscarlopeztwit Me preocupa el gobierno de izquierdas de España, este formado por indigentes intelectuales que solo pretenden que los españoles seamos indigentes económicos y ellos los dictadores a imagen y semejanza de Franco, que es su ejemplo a seguir.",1,0,0,30,255,0,1,0,fergealo,baseline_aug,gobierno España,0.0,neutral
1962257228561351135,Sun Aug 31 20:52:34 +0000 2025,"@ElPadreDeBrian @AbogadosCrist Ese puñetero barco no salva vidas humanas se dedica al negocio del trafico de personas y cobrando dineros del corrupto gobierno de España estando metidos ongs, mafias y politicos de partidos que tanto defienden a ese asqueroso barco
EL OPENARMS HAY QUE DESTRUIRLO",1,0,0,9,294,0,2,0,faustomochales,baseline_aug,gobierno España,-0.296,negative
1962256945336721614,Sun Aug 31 20:51:27 +0000 2025,"Feijóo asegura que el Gobierno ""huele a rancio"" y se compromete a sacar a España ""del bucle de la incompetencia"" https://t.co/RAMwSfOhjA vía @rtve
Feijóo - con lo que hablas- tu cabeza debe oler a mie.rda",0,0,0,2,204,0,1,1,josefede99,baseline_aug,gobierno España,0.0,neutral
1962256785999532250,Sun Aug 31 20:50:49 +0000 2025,"La Prensa 31 de Agosto de 2025. Destacado
►La Flotilla de la Libertad zarpa hacia Gaza entre vítores y aplausos: Palestina libre
►Albares afirma que España desplegará toda su protección diplomática para la Flotilla a Gaza
►Sánchez se aferra a la izquierda en el nuevo curso",0,0,0,210,273,0,0,0,caval100,baseline_aug,gobierno España,0.0,neutral
1962256392695263554,Sun Aug 31 20:49:15 +0000 2025,@AlejandroCence2 Quien ya ha pasado a la historia por su repugnante indiferencia y gestitos quedaguai es el Gobierno de España desde finales de 2023 y hasta hoy. Vergüenza para siempre.,3,0,0,218,185,0,1,0,EZEQCriyon,baseline_aug,gobierno España,0.34,positive
1962256202538098797,Sun Aug 31 20:48:30 +0000 2025,@Paul_Tenorio Es igual que el Gobierno. Hacen lo que les sale de los huevos sin molestarse en disimular. Son impunes. España es un estercolero tercermundista a todos los niveles.,10,1,6,362,178,0,1,0,GreatDukeofAlba,baseline_aug,gobierno España,-0.5574,negative
1962255816184246476,Sun Aug 31 20:46:58 +0000 2025,"@JaimeFS470423 @RichieSargento @hermanntertsch @Macarena_Olona Ekkehard Tertsch era el papá de Hermann Tertsch. En 1933, se unió al Partido Nazi en Austria, que era el grupo malo de Hitler. Trabajó como periodista para ellos durante la guerra, ayudando a contar sus historias en España. Cuando la guerra terminó, se quedó viviendo en España",1,0,1,14,340,0,4,0,grok,baseline_aug,gobierno España,0.0,neutral
1962255642569159008,Sun Aug 31 20:46:16 +0000 2025,"@NunezFeijoo Como no podía ser de otra manera, Alberto ha vuelto con las pilas cargadas echando pestes sobre el gobierno y promete, como si estuviera ya en ""campaña"", construir una España nueva, reluciente, de raíz, sin escombros…🤦‍♀️
Vamos, PoPulismo en estado puro!!",0,0,0,1,268,0,1,0,hernndez_paz,baseline_aug,gobierno España,-0.6103,negative
1962255569391177989,Sun Aug 31 20:45:59 +0000 2025,🇪🇸 | España | ​El Gobierno ha perdido 2.500 palés de ayuda de Madrid para la dana de Valencia: «No sabemos qué han hecho» https://t.co/3Bla7flTbW,0,0,0,11,145,0,0,1,antonioorejon,baseline_aug,gobierno España,0.34,positive
1962255167107080580,Sun Aug 31 20:44:23 +0000 2025,"@JosemaVallejo Les lanzó un reto como asociacion. Para cuando una demanda contra el gobierno por su responsabilidad  civil subsidiaria, son los tutores legales, en estos hechos o como colaborador necesario al haber permitido y amparado su entrada y permanencia en España.",1,0,0,8,271,0,1,0,TenshiRonin,baseline_aug,gobierno España,0.0,neutral
1962255043303801244,Sun Aug 31 20:43:53 +0000 2025,@GabyLob Que Israel saque todo lo que sabe de este hdp que tenemos en el gobierno de España,1,0,0,9,91,0,1,0,Mery509713801,baseline_aug,gobierno España,0.0,neutral
1962254480667279415,Sun Aug 31 20:41:39 +0000 2025,"@el_hello_ween @camelorcio En España, si te detienen, es confidencial, no pueden salir ni nombres ni rostros (por eso siempre pixelan) y más que lo digan dentro del gobierno...otra cosa es que vecinos vean dicha detención y lo cuenten...",0,0,2,13,237,0,2,0,delaFuenteRdgz,baseline_aug,gobierno España,-0.296,negative
1962254465718780402,Sun Aug 31 20:41:36 +0000 2025,"@forocoches ¡¡Makina!! Los peperos sólo causan muertes en los desastres naturales, no quiero ni pensar qué sería de España hoy con los acontecimientos de los últimos 5 años con un gobierno pepero",11,0,10,852,195,0,1,0,ElCapitanK2,baseline_aug,gobierno España,-0.4184,negative
1962254337788535126,Sun Aug 31 20:41:05 +0000 2025,"El Partido Popular, por vía de su gobierno de la Comunidad de Madrid, reconoce aqui que la devolución, la deportación o retorno de los menas a sus familias, a sus casas en sus países es perfectamente factible.
Y no solo para el que ya ha violado sino para los que todavía no lo",67,40,0,4510,277,0,0,0,hermanntertsch,baseline_aug,gobierno España,0.2023,positive
1962254098482291061,Sun Aug 31 20:40:08 +0000 2025,"@vezapurpura Al gobierno sanchista le importa un bledo España y los españoles , solo nos quieren para sus sueldos y sus gastos ( chiringuitos , familiares , amigos e inmigrantes ilegales )",0,0,0,1,188,0,1,0,plazadeabajo,baseline_aug,gobierno España,0.0,neutral
1962253623649325222,Sun Aug 31 20:38:15 +0000 2025,"@herqles_es Uhhhh, para revertir la DECADENCIA, la DEGENERACIÓN, la CORRUPCIÓN y la IMPUNIDAD en el Reino de España, ahhhhh, los Españoles DEBEN y TIENEN que votar masivamente por Santiago Abascal para la Presidencia del Gobierno.",0,0,0,18,230,0,1,0,Juanvil99332471,baseline_aug,gobierno España,0.0,neutral
1962253482334760967,Sun Aug 31 20:37:41 +0000 2025,"@EFEnoticias No se puede ser más sinvergüenza más dañino, más embustero y más canalla que este narcoamigo. Sería vergonzoso que un canalla así pudiera ser alguna vez presidente del gobierno de España.",0,0,0,7,200,0,1,0,salmonews,baseline_aug,gobierno España,-0.296,negative
1962253476878078292,Sun Aug 31 20:37:40 +0000 2025,"La ciudadanía despierta.
Que se entere el gobierno de España, que se entere Europa. 
‼️PALESTINA NO ESTÁ SOLA‼️
🇵🇸🇵🇸🇵🇸🇵🇸🇵🇸 https://t.co/WhL5FBTEHR",248,88,31,3957,146,0,0,1,anajl2310,baseline_aug,gobierno España,-0.4466,negative
1962253451699585515,Sun Aug 31 20:37:34 +0000 2025,@MarioNoyaM El gobierno del reino de España,0,0,0,25,43,0,1,0,raulgoyus,baseline_aug,gobierno España,0.0,neutral
1962253086174351406,Sun Aug 31 20:36:07 +0000 2025,"@Spanish_Revo Acedos genocidas, a los que los amparan y a Liz que miraron para otro lado, como es el caso del gobierno actual de España, el karma les pasará la factura correspondiente.",0,0,0,80,184,0,1,0,JoseEmilioDofor,baseline_aug,gobierno España,0.0,neutral
1962252893848748097,Sun Aug 31 20:35:21 +0000 2025,Así mejor: Última HORA | Feijóo anticipa otro curso político de crispación: “España no es este Gobierno. Vamos a devolver España a las élites de este país”,0,0,0,28,155,0,0,0,ajm74ajm,baseline_aug,gobierno España,-0.296,negative
1962252407863451737,Sun Aug 31 20:33:25 +0000 2025,"Aquí un barco lleno a partes parecidas de fanáticos y sinvergüenzas que se van a una zona de guerra a ayudar a una inmensa banda de terroristas islamistas en contra de un ejército que combate para restablecer la seguridad de su Estado y su pueblo.
    En España, el gobierno, los",85,44,5,5572,279,0,0,0,hermanntertsch,baseline_aug,gobierno España,0.0,neutral
1962252325231198368,Sun Aug 31 20:33:05 +0000 2025,@pedro_casares Lo que ha pasado este verano es que más de 150 pirómanos han salido a quemar España y la fiscalía del gobierno no ha abierto una investigación de oficio para investigarlo. Eso es lo que ha pasado. https://t.co/ucLqZ410vB,4,0,0,43,235,0,1,1,vixxen250,baseline_aug,gobierno España,0.4145,positive
1962252098738716833,Sun Aug 31 20:32:11 +0000 2025,"En el caso del PP es así, parece que les sobran las CCAA.
De hecho, El PP las utiliza para hacer oposición al Gobierno de España y obtener algunos favores entre ellos.",20,10,1,214,167,0,0,0,KilianCD,baseline_aug,gobierno España,0.0,neutral
1962252031252734266,Sun Aug 31 20:31:55 +0000 2025,"@ElAbogadoDevil @Quint1Asquerosa En España, los expresidentes del Gobierno reciben una pensión indemnizatoria del 80% de su sueldo durante 2 años (o hasta nuevo empleo), dotación para oficina y personal (2 empleados), coche oficial con chófer, seguridad, pasaporte diplomático y preferencia en actos oficiales.",0,0,1,8,310,0,2,0,grok,baseline_aug,gobierno España,0.0,neutral
1962251479432987000,Sun Aug 31 20:29:44 +0000 2025,"La Liga es como el Gobierno de España:

Cada vez se parece más a países bananeros, siendo mediocre, vulgar y en banca rosta. Mientras ves como otros Países son infinitamente superiores.

Y lo mejor es que todo esto pasa mientras la gente traga y no dice nada.

Disfrutemos!!",2,3,0,265,274,0,0,0,MouRadical,baseline_aug,gobierno España,-0.4184,negative
1962251108119650479,Sun Aug 31 20:28:15 +0000 2025,"@ViviendaVacac @desdelamoncloa @viviendagob @PSOE @sumar ""La provincia de Málaga tiene 24.012 pisos turísticos activos y 7.473 provisionales en el registro único del Gobierno, siendo la provincia con más viviendas turísticas registradas en España"" y así a toda España.",0,0,1,32,268,0,5,0,RomeraOrti46233,baseline_aug,gobierno España,0.0,neutral
1962251026766897639,Sun Aug 31 20:27:56 +0000 2025,"en lugar de ayudar a un país miembro de la Sociedad de Naciones como era España a sofocar una subversión del orden establecido, y mucho menos, permitir a su gobierno que pudiera defenderse con la adquisición de armamento militar y pertrechos en el mercado internacional,",7,0,1,113,270,0,0,0,militaresantifa,baseline_aug,gobierno España,0.0,neutral
1962249706479800590,Sun Aug 31 20:22:41 +0000 2025,"Madre mía, le gana la posición claramante.

Es mas falta de Yamal.

La liga española está más sucia que el gobierno de España.",4,0,0,568,126,0,0,0,ColMadr,baseline_aug,gobierno España,0.0,neutral
1962248799444713783,Sun Aug 31 20:19:05 +0000 2025,"Cuando ETA mataba gente inocente en los 80 y 90, el gobierno de España no se dedicaba a bombardear barrios enteros para matar a los terroristas (escondidos en bares, casas, iglesias). La gente inocente no merece morir aunque los terroristas se encondan detrás de ellos. 

Israel.",0,0,0,3,279,0,0,0,Adelante_World,baseline_aug,gobierno España,-0.5267,negative
1962248765869375689,Sun Aug 31 20:18:57 +0000 2025,@Falbak_ España: No hasta que se vaya el PSOE del Gobierno.,19,0,1,1312,59,0,1,0,AgustinArcas98,baseline_aug,gobierno España,-0.296,negative
1962248267556692336,Sun Aug 31 20:16:58 +0000 2025,"@maria_latatus @NunezFeijoo El máximo responsable de los políticos inútiles de Galicia, Voxtremadura C&amp;L, aún no ha comprendido que solo se puede culpar al PP de los peores incendios de la historia de España.
Pero, al mejor estilo del PP, culpa al Gobierno. Cobarde.",0,0,0,5,270,0,2,0,DonronRc,baseline_aug,gobierno España,-0.2584,negative
1962248128574197982,Sun Aug 31 20:16:25 +0000 2025,@sanchezcastejon Defender España es largaros del gobierno y dejar de vender España a empresarios extranjeros.,0,0,0,4,109,0,1,0,unPensadorLogic,baseline_aug,gobierno España,0.1027,positive
1962247886420201815,Sun Aug 31 20:15:27 +0000 2025,"@WalhallaMann Que periodismo se España con tu gobierno?  Q yo sepa todos los periodistas son de ustedes, xq son independientes y están en TN,A24, canal 13, Telefe y LN+ , y si es x ensañamiento estas señales están diciendo junto al gob q son los kirchneristas, no mientas q ahí está tu indignad",0,0,0,2,294,0,1,0,oruizdiaz18,baseline_aug,gobierno España,-0.296,negative
1962247817180717132,Sun Aug 31 20:15:11 +0000 2025,@olimpia_epiro Hay que hundirlo porque es un barco que se dedica a traer inmigrantes ilegales en su inmensa mayoria de culturas que son contrarias a la europea y hace un gran negocio con mafias que les dicen donde reecogerlos y los traen a España y reciben millones del gobierno de España,0,0,0,9,288,0,1,0,faustomochales,baseline_aug,gobierno España,0.0,neutral
1962247519036911628,Sun Aug 31 20:13:59 +0000 2025,"@Bonika88 @rosadg_ @cucagamarra Un presidente, un gobierno tiene una responsabilidad principal, actuar y poner medios en su poder trsgedias en su nación. El hdlgp solo vio oportunidad, lo ha hecho cuando españa ardia, durante el covic.",0,0,0,11,235,0,3,0,67quijote,baseline_aug,gobierno España,0.34,positive
1962247389319684443,Sun Aug 31 20:13:29 +0000 2025,"El gobierno de España con su ""buenismo"" está financiando el terrorismo yihadista de África. Las ONGs y la armada española están trayendo a nuestras costas inmigrantes ilegales provenientes de las cárceles de Marruecos y Mali. 
#SoloQuedaVox
#TikTok https://t.co/srPS73IDVF",0,0,1,49,272,2,0,1,HeavyAMuerte,baseline_aug,gobierno España,0.0,neutral
1962246969851556069,Sun Aug 31 20:11:49 +0000 2025,"@ppopular Si al final PP y PSOE se alían en una coalición de gobierno como en Alemania, por ejemplo, para ""frenar a la ultraderecha"" y todos esos rollos, su partido se hunde.
Comprométase a que eso no va a pasar en España, no puede porque es lo que piensan hacer.
No se ría de los españoles https://t.co/jaS8XJIE0b",1,0,0,54,314,0,1,1,pepellopis,baseline_aug,gobierno España,-0.6808,negative
1962246786430484754,Sun Aug 31 20:11:05 +0000 2025,"@davidsantosvlog Tranquilo que si han desembarcado es porque no llevan droga, en los fardos van inmigrantes ilegales que el gobierno trae a España para robar y violar gente.",0,0,0,15,173,0,1,0,VoielloCardinal,baseline_aug,gobierno España,-0.296,negative
1962246784010334288,Sun Aug 31 20:11:04 +0000 2025,"En España, la ley solo está para oprimir al honrado contribuyente. Los delincuentes son protegidos por el gobierno.",3,1,0,47,115,0,0,0,CarlosSinPelos1,baseline_aug,gobierno España,0.0,neutral
1962246546876956889,Sun Aug 31 20:10:08 +0000 2025,@javionsalo Vaya por Dios y aún sabiendo esto el gobierno les recibe  con los brazos abiertos? Joder y les da techo y paga no  te jode 🤦 cuanto odio le tenéis a España para  traernos esto???? Cuanto ???,0,0,0,16,202,0,1,0,Amada632232,baseline_aug,gobierno España,-0.4871,negative
1962246339980304419,Sun Aug 31 20:09:18 +0000 2025,"@IndecenteUna @JRCR_1949 monarquía y  nobleza movieron países por sus intereses. 
Nos blindamos contra la monarquía con el título 2 de la Constitución, pero se nos ha olvidado la España feudal de hoy; la partitocracia.
El Rey reina pero no gobierna y todos sus actos están refrendados por el gobierno",0,0,0,2,300,0,2,0,Victor62703487,baseline_aug,gobierno España,-0.1531,negative
1962246222011408708,Sun Aug 31 20:08:50 +0000 2025,España es lo que es ahora mismo gracias a este Gobierno.,4,1,0,86,56,0,0,0,ABSCR2,baseline_aug,gobierno España,0.0,neutral
1962246153216438297,Sun Aug 31 20:08:34 +0000 2025,"@RonCicer El Gobierno de España ha aplicado un recorte brutal en los fondos destinados a la nutrición de los niños. De un presupuesto de 1600 millones € a tan solo 90 millones €. Y hay 2,7 millones de niños en riesgo grave de desnutrición.
https://t.co/gZpCEjZ5Uz",0,0,0,10,263,0,1,1,amicalupus,baseline_aug,gobierno España,-0.6486,negative
1962246096039600137,Sun Aug 31 20:08:20 +0000 2025,"@PiedrafitaMario España no es este gobierno... claro, ni este ni el anterior ni el anterior del anterior... el Gobierno son 20 ó 25 personas y aquí vivimos ya más cuarenta y ocho millones, ¿donde está la mentira?. Ha nombrado al Gobierno, no a los votantes de ningún partido concreto.",0,0,0,16,284,0,1,0,Jesulito191081,baseline_aug,gobierno España,-0.25,negative
1962245804854333681,Sun Aug 31 20:07:11 +0000 2025,"@tresmasciento En l gobierno de España del PSOE, pero en el resto el partido mayoritario en CCAA, ayuntamientos, Cabildos, Diputaciones, etc, etc.",0,0,0,1,146,0,1,0,lu5061,baseline_aug,gobierno España,0.4588,positive
1962245479820820664,Sun Aug 31 20:05:53 +0000 2025,"@CristianBilba12 Por dios LO DE ESPAÑA ES YA VENEZUELA.. EL GOBIERNO CRIMINAL con conexiones con Venezuela, compra de Crudo ilegal, lavado de dinero, estafa de más de 300 millones de IVA.

Asco es poco",0,0,0,3,201,0,1,0,_atreides_,baseline_aug,gobierno España,-0.6289,negative
1962245200253763754,Sun Aug 31 20:04:47 +0000 2025,"@RedRofega El albares bien podía haber sido cura, catequista, o vendedor de mercadillo, todo te lo vende ""a euro"", y miente cada vez que abre la boca. El gobierno de España es cómplice del genocidio sionista, enGaza no hay guerra, hay una masacre de la población civil, por bombas y hambre.",0,0,0,18,290,0,1,0,KikoHironic,baseline_aug,gobierno España,-0.296,negative
1962244579467432429,Sun Aug 31 20:02:19 +0000 2025,"Protagonista del día: La virreina del Perú

No era nada frecuente que hubiera mujeres ocupando cargos de gran importancia como el de virrey de un territorio. Sin embargo, hubo excepciones interesantes como nuestra protagonista.
Ana Francisca de Borja y Doria, virreina (1640-1706) https://t.co/1zeDSvnB4f",31,11,0,1432,304,0,0,1,GestasdeEspaNa,baseline_aug,gobierno España,-0.7003,negative
1962243131941769601,Sun Aug 31 19:56:34 +0000 2025,España está en la mierda con el gobierno que consiente tanto a esa puta plaga,2,0,1,45,77,0,0,0,adri_919,baseline_aug,gobierno España,0.0,neutral
1962242738859950181,Sun Aug 31 19:55:00 +0000 2025,@Markirov @Mariacasti37097 @RaulSolisUE @diario_red_ No. Prefiero un gobierno que no usa la justicia a su beneficio cayendo en un lawfare   clarísimo como hacen los ultra liberales tanto en Argentina y España. Elijo gente que no sea corrupta. Y aquí en España el único partido sin condenas es Podemos. Espabila cenutrio,2,0,1,14,319,0,4,0,APerMen33,baseline_aug,gobierno España,-0.7906,negative
1962242548216254523,Sun Aug 31 19:54:14 +0000 2025,"@LasNancisNegras @EvPablo26 @AnadultfemaleES @Kaiser_Narnia En españa tenemos una muy buena sanidad, otra cosa es que esté maltratada por el gobierno recortándole el presupuesto cada poco tiempo.",0,0,2,48,195,0,4,0,Oscar_M_Anton,baseline_aug,gobierno España,0.0,neutral
1962242536992281045,Sun Aug 31 19:54:12 +0000 2025,"@JavierJove_ Tanto PP como PSOE tienen a españa arruinada pero lo impresionante es que con todo lo que se ha sabido del gobierno más corrupto e ineficiente de la historia de españa todavía el PSOE tenga 26,1 % de los votos es inconcebible creo que existe una patología mental en ellos",2,1,0,46,284,0,1,0,frandelgado71,baseline_aug,gobierno España,0.34,positive
1962241860673437824,Sun Aug 31 19:51:30 +0000 2025,"@EFEnoticias Siempre la misma secuencia, un total de muertes y un pequeño desglose. 
No se olviden niños, es el gobierno de España el que pone estos datos. Para ser el faro moral de occidente necesitan esa sangría...sin ella se quedarían al pairo político.",0,0,0,26,256,0,1,0,moisesh59317135,baseline_aug,gobierno España,-0.296,negative
1962241278894088506,Sun Aug 31 19:49:12 +0000 2025,"🇪🇸🔵 Feijóo inaugura el curso político arremetiendo contra un Gobierno que ""huele a rancio"".

🗣️ ""No vamos a gestionar los escombros del sanchismo. Vamos a liderar el cambio de raíz que España necesita"".
 https://t.co/ZWMVqf3ZtH",0,0,0,14,227,0,0,1,larespuesta_es,baseline_aug,gobierno España,0.0,neutral
1962241140976922750,Sun Aug 31 19:48:39 +0000 2025,"@LasBasesdelPSOE Yo con las víctimas del abandono y la incompetencia del gobierno central en las catástrofes 
La Palma Valencia, la España quemada …..",0,0,0,6,150,0,1,0,wqxh24,baseline_aug,gobierno España,0.0,neutral
1962240876349972712,Sun Aug 31 19:47:36 +0000 2025,"Esta pava es repugnante, así como el gobierno de España actual.",0,0,0,6,63,0,0,0,Ismael83377486,baseline_aug,gobierno España,0.0,neutral
